Ward,No_HH,TOT_P,TOT_M,TOT_F,P_06,M_06,F_06,P_SC,M_SC,F_SC,P_ST,M_ST,F_ST,P_LIT,M_LIT,F_LIT,P_ILL,M_ILL,F_ILL,TOT_WORK_P,TOT_WORK_M,TOT_WORK_F,MAINWORK_P,MAINWORK_M,MAINWORK_F,MAIN_CL_P,MAIN_CL_M,MAIN_CL_F,MAIN_AL_P,MAIN_AL_M,MAIN_AL_F,MAIN_HH_P,MAIN_HH_M,MAIN_HH_F,MAIN_OT_P,MAIN_OT_M,MAIN_OT_F,MARGWORK_P,MARGWORK_M,MARGWORK_F,MARG_CL_P,MARG_CL_M,MARG_CL_F,MARG_AL_P,MARG_AL_M,MARG_AL_F,MARG_HH_P,MARG_HH_M,MARG_HH_F,MARG_OT_P,MARG_OT_M,MARG_OT_F,MARGWORK_3_6_P,MARGWORK_3_6_M,MARGWORK_3_6_F,MARG_CL_3_6_P,MARG_CL_3_6_M,MARG_CL_3_6_F,MARG_AL_3_6_P,MARG_AL_3_6_M,MARG_AL_3_6_F,MARG_HH_3_6_P,MARG_HH_3_6_M,MARG_HH_3_6_F,MARG_OT_3_6_P,MARG_OT_3_6_M,MARG_OT_3_6_F,MARGWORK_0_3_P,MARGWORK_0_3_M,MARGWORK_0_3_F,MARG_CL_0_3_P,MARG_CL_0_3_M,MARG_CL_0_3_F,MARG_AL_0_3_P,MARG_AL_0_3_M,MARG_AL_0_3_F,MARG_HH_0_3_P,MARG_HH_0_3_M,MARG_HH_0_3_F,MARG_OT_0_3_P,MARG_OT_0_3_M,MARG_OT_0_3_F,NON_WORK_P,NON_WORK_M,NON_WORK_F
1.0,64414,246066,134627,111439,28077,14347,13730,30070,15476,14594,6185,3349,2836,190554,110203,80351,55512,24424,31088,115923,88596,27327,105872,82558,23314,1149,960,189,2485,1841,644,3002,2373,629,99236,77384,21852,10051,6038,4013,207,129,78,351,187,164,558,330,228,8935,5392,3543,9082,5479,3603,197,124,73,317,173,144,489,289,200,8079,4893,3186,969,559,410,10,5,5,34,14,20,69,41,28,856,499,357,130143,46031,84112
2.0,9920,38397,19954,18443,4603,2408,2195,3976,2020,1956,829,410,419,28378,15585,12793,10019,4369,5650,17700,12241,5459,16740,11738,5002,173,129,44,172,104,68,2037,1306,731,14358,10199,4159,960,503,457,19,8,11,48,24,24,61,30,31,832,441,391,862,455,407,17,7,10,41,23,18,55,27,28,749,398,351,98,48,50,2,1,1,7,1,6,6,3,3,83,43,40,20697,7713,12984
3.0,14966,59767,31663,28104,6570,3383,3187,6494,3369,3125,1889,978,911,48015,26271,21744,11752,5392,6360,24451,18855,5596,22394,17569,4825,150,116,34,165,125,40,372,254,118,21707,17074,4633,2057,1286,771,48,25,23,21,12,9,57,23,34,1931,1226,705,1912,1192,720,47,24,23,19,11,8,43,18,25,1803,1139,664,145,94,51,1,1,0,2,1,1,14,5,9,128,87,41,35316,12808,22508
4.0,11298,45080,23484,21596,4539,2401,2138,6810,3470,3340,1121,575,546,35965,19438,16527,9115,4046,5069,18865,13680,5185,16717,12462,4255,72,61,11,138,102,36,153,112,41,16354,12187,4167,2148,1218,930,15,9,6,31,23,8,20,9,11,2082,1177,905,2020,1153,867,15,9,6,25,20,5,16,8,8,1964,1116,848,128,65,63,0,0,0,6,3,3,4,1,3,118,61,57,26215,9804,16411
5.0,12889,54212,28407,25805,6739,3564,3175,6537,3280,3257,973,490,483,39515,21734,17781,14697,6673,8024,21318,16519,4799,19360,15292,4068,369,318,51,335,222,113,1236,990,246,17420,13762,3658,1958,1227,731,41,30,11,63,38,25,160,78,82,1694,1081,613,1797,1137,660,37,28,9,59,36,23,140,69,71,1561,1004,557,161,90,71,4,2,2,4,2,2,20,9,11,133,77,56,32894,11888,21006
6.0,16990,73933,38747,35186,9752,5102,4650,6986,3534,3452,1564,834,730,54958,29714,25244,18975,9033,9942,29272,22693,6579,26355,21078,5277,171,118,53,578,434,144,1133,881,252,24473,19645,4828,2917,1615,1302,84,56,28,176,92,84,92,44,48,2565,1423,1142,2717,1490,1227,77,52,25,172,90,82,84,40,44,2384,1308,1076,200,125,75,7,4,3,4,2,2,8,4,4,181,115,66,44661,16054,28607
7.0,19119,73970,38820,35150,8121,4194,3927,6305,3216,3089,2980,1572,1408,58631,32002,26629,15339,6818,8521,32740,23937,8803,28805,21568,7237,325,196,129,221,158,63,407,292,115,27852,20922,6930,3935,2369,1566,97,52,45,84,49,35,124,53,71,3630,2215,1415,3733,2264,1469,93,50,43,81,46,35,88,38,50,3471,2130,1341,202,105,97,4,2,2,3,3,0,36,15,21,159,85,74,41230,14883,26347
8.0,12695,50307,26367,23940,5691,2919,2772,5023,2592,2431,1049,543,506,38859,21293,17566,11448,5074,6374,21890,16212,5678,19451,14770,4681,176,122,54,138,92,46,513,398,115,18624,14158,4466,2439,1442,997,74,39,35,31,17,14,97,29,68,2237,1357,880,2224,1340,884,73,38,35,29,15,14,78,25,53,2044,1262,782,215,102,113,1,1,0,2,2,0,19,4,15,193,95,98,28417,10155,18262
9.0,15207,60222,30969,29253,6281,3309,2972,5248,2679,2569,1187,616,571,49288,25890,23398,10934,5079,5855,25197,18293,6904,21468,16193,5275,132,94,38,244,189,55,329,247,82,20763,15663,5100,3729,2100,1629,128,88,40,116,53,63,217,39,178,3268,1920,1348,3511,2010,1501,125,86,39,92,44,48,178,34,144,3116,1846,1270,218,90,128,3,2,1,24,9,15,39,5,34,152,74,78,35025,12676,22349
10.0,8708,37789,20794,16995,3485,1755,1730,3710,1897,1813,681,341,340,31935,18239,13696,5854,2555,3299,16835,13455,3380,16202,13088,3114,67,47,20,210,160,50,225,180,45,15700,12701,2999,633,367,266,20,11,9,32,10,22,47,17,30,534,329,205,592,347,245,20,11,9,32,10,22,37,12,25,503,314,189,41,20,21,0,0,0,0,0,0,10,5,5,31,15,16,20954,7339,13615
11.0,8755,38156,19496,18660,4650,2369,2281,10314,5132,5182,1099,559,540,27409,14668,12741,10747,4828,5919,14950,11330,3620,13744,10690,3054,49,31,18,135,101,34,782,501,281,12778,10057,2721,1206,640,566,21,11,10,10,4,6,56,20,36,1119,605,514,992,508,484,21,11,10,10,4,6,50,20,30,911,473,438,214,132,82,0,0,0,0,0,0,6,0,6,208,132,76,23206,8166,15040
12.0,15985,62957,33130,29827,7020,3692,3328,10805,5506,5299,1675,870,805,49515,27124,22391,13442,6006,7436,26451,20173,6278,24540,19007,5533,187,138,49,385,292,93,485,366,119,23483,18211,5272,1911,1166,745,74,39,35,57,30,27,177,107,70,1603,990,613,1591,933,658,74,39,35,53,28,25,82,37,45,1382,829,553,320,233,87,0,0,0,4,2,2,95,70,25,221,161,60,36506,12957,23549
13.0,11694,43550,23011,20539,4725,2479,2246,4532,2307,2225,946,503,443,34598,19032,15566,8952,3979,4973,19134,14584,4550,18262,14110,4152,48,35,13,589,485,104,428,344,84,17197,13246,3951,872,474,398,27,10,17,79,61,18,99,59,40,667,344,323,767,399,368,27,10,17,76,58,18,67,33,34,597,298,299,105,75,30,0,0,0,3,3,0,32,26,6,70,46,24,24416,8427,15989
14.0,17411,66492,34683,31809,7184,3637,3547,3755,1928,1827,1977,996,981,53713,29126,24587,12779,5557,7222,28895,21391,7504,27100,20394,6706,210,132,78,531,407,124,363,269,94,25996,19586,6410,1795,997,798,38,14,24,69,43,26,48,25,23,1640,915,725,1673,932,741,38,14,24,61,36,25,40,24,16,1534,858,676,122,65,57,0,0,0,8,7,1,8,1,7,106,57,49,37597,13292,24305
15.0,9154,34311,18411,15900,3536,1832,1704,2384,1248,1136,663,353,310,28735,15921,12814,5576,2490,3086,16150,12128,4022,15327,11694,3633,71,34,37,129,94,35,681,523,158,14446,11043,3403,823,434,389,63,27,36,40,28,12,63,39,24,657,340,317,745,390,355,62,27,35,39,27,12,42,27,15,602,309,293,78,44,34,1,0,1,1,1,0,21,12,9,55,31,24,18161,6283,11878
16.0,9484,39191,20897,18294,3562,1802,1760,9017,4486,4531,1421,731,690,32855,18227,14628,6336,2670,3666,16937,13144,3793,16063,12648,3415,76,54,22,125,86,39,272,215,57,15590,12293,3297,874,496,378,28,17,11,22,12,10,33,25,8,791,442,349,827,471,356,28,17,11,21,12,9,29,22,7,749,420,329,47,25,22,0,0,0,1,0,1,4,3,1,42,22,20,22254,7753,14501
17.0,12944,51443,26293,25150,5454,2786,2668,5561,2875,2686,1291,663,628,40816,21551,19265,10627,4742,5885,21697,15623,6074,19798,14499,5299,280,174,106,749,558,191,376,246,130,18393,13521,4872,1899,1124,775,80,33,47,52,31,21,89,45,44,1678,1015,663,1809,1072,737,79,32,47,50,30,20,78,39,39,1602,971,631,90,52,38,1,1,0,2,1,1,11,6,5,76,44,32,29746,10670,19076
18.0,9459,36944,18966,17978,3615,1879,1736,3906,1993,1913,764,400,364,30347,16022,14325,6597,2944,3653,15844,11188,4656,13853,10194,3659,197,129,68,228,155,73,301,224,77,13127,9686,3441,1991,994,997,98,47,51,83,39,44,60,15,45,1750,893,857,1886,928,958,94,44,50,79,37,42,55,12,43,1658,835,823,105,66,39,4,3,1,4,2,2,5,3,2,92,58,34,21100,7778,13322
19.0,8445,33863,17402,16461,3414,1739,1675,1761,889,872,481,252,229,27732,14587,13145,6131,2815,3316,13421,9909,3512,12632,9490,3142,125,88,37,111,77,34,87,65,22,12309,9260,3049,789,419,370,46,25,21,14,3,11,10,3,7,719,388,331,710,356,354,46,25,21,14,3,11,8,2,6,642,326,316,79,63,16,0,0,0,0,0,0,2,1,1,77,62,15,20442,7493,12949
20.0,7133,29590,15123,14467,3079,1562,1517,4333,2166,2167,502,259,243,23330,12309,11021,6260,2814,3446,11779,8744,3035,11119,8391,2728,47,29,18,162,122,40,335,244,91,10575,7996,2579,660,353,307,10,5,5,18,11,7,25,12,13,607,325,282,583,305,278,10,5,5,17,11,6,20,9,11,536,280,256,77,48,29,0,0,0,1,0,1,5,3,2,71,45,26,17811,6379,11432
21.0,8815,35118,18137,16981,3639,1915,1724,4449,2307,2142,809,416,393,28054,15011,13043,7064,3126,3938,14614,10585,4029,13104,9744,3360,85,56,29,118,80,38,321,242,79,12580,9366,3214,1510,841,669,58,26,32,29,14,15,55,29,26,1368,772,596,1461,819,642,58,26,32,27,13,14,51,29,22,1325,751,574,49,22,27,0,0,0,2,1,1,4,0,4,43,21,22,20504,7552,12952
22.0,13113,53356,27793,25563,6225,3193,3032,4383,2242,2141,739,382,357,41457,22556,18901,11899,5237,6662,21979,16923,5056,18735,14757,3978,125,89,36,202,144,58,448,346,102,17960,14178,3782,3244,2166,1078,40,18,22,38,23,15,122,75,47,3044,2050,994,3008,2034,974,38,17,21,34,20,14,107,68,39,2829,1929,900,236,132,104,2,1,1,4,3,1,15,7,8,215,121,94,31377,10870,20507
23.0,12979,63379,32351,31028,8640,4383,4257,7264,3593,3671,605,316,289,47324,24758,22566,16055,7593,8462,22107,18224,3883,20206,17126,3080,67,42,25,135,104,31,478,336,142,19526,16644,2882,1901,1098,803,116,54,62,37,22,15,128,54,74,1620,968,652,1704,977,727,113,52,61,36,22,14,104,45,59,1451,858,593,197,121,76,3,2,1,1,0,1,24,9,15,169,110,59,41272,14127,27145
24.0,13612,58967,30219,28748,7025,3592,3433,7435,3774,3661,1313,683,630,46225,24347,21878,12742,5872,6870,24149,17620,6529,20422,15378,5044,90,55,35,416,283,133,547,401,146,19369,14639,4730,3727,2242,1485,65,28,37,116,51,65,159,82,77,3387,2081,1306,2948,1670,1278,64,28,36,111,47,64,135,68,67,2638,1527,1111,779,572,207,1,0,1,5,4,1,24,14,10,749,554,195,34818,12599,22219
25.0,23999,95368,49512,45856,11453,5890,5563,12171,6180,5991,1699,918,781,75605,40536,35069,19763,8976,10787,41385,29325,12060,36042,26116,9926,893,514,379,960,613,347,848,596,252,33341,24393,8948,5343,3209,2134,188,118,70,165,108,57,455,283,172,4535,2700,1835,4947,2971,1976,185,116,69,148,96,52,430,267,163,4184,2492,1692,396,238,158,3,2,1,17,12,5,25,16,9,351,208,143,53983,20187,33796
26.0,11674,47358,24328,23030,6013,3044,2969,6691,3355,3336,1033,526,507,36787,19666,17121,10571,4662,5909,20273,14828,5445,16990,12842,4148,309,205,104,279,198,81,868,672,196,15534,11767,3767,3283,1986,1297,299,121,178,78,27,51,115,75,40,2791,1763,1028,2937,1773,1164,299,121,178,69,21,48,77,51,26,2492,1580,912,346,213,133,0,0,0,9,6,3,38,24,14,299,183,116,27085,9500,17585
27.0,12922,51268,25932,25336,5199,2690,2509,6116,3133,2983,907,468,439,42547,22017,20530,8721,3915,4806,22860,15655,7205,19582,14043,5539,127,74,53,101,68,33,308,187,121,19046,13714,5332,3278,1612,1666,70,36,34,46,21,25,104,33,71,3058,1522,1536,3074,1501,1573,68,35,33,43,20,23,89,27,62,2874,1419,1455,204,111,93,2,1,1,3,1,2,15,6,9,184,103,81,28408,10277,18131
28.0,11479,47074,23710,23364,5026,2600,2426,7287,3680,3607,926,473,453,37548,19567,17981,9526,4143,5383,21673,14562,7111,19647,13448,6199,90,41,49,267,191,76,159,115,44,19131,13101,6030,2026,1114,912,50,20,30,31,15,16,95,34,61,1850,1045,805,1920,1049,871,49,20,29,29,14,15,92,34,58,1750,981,769,106,65,41,1,0,1,2,1,1,3,0,3,100,64,36,25401,9148,16253
29.0,8700,33588,16820,16768,3199,1604,1595,3100,1615,1485,429,209,220,28353,14509,13844,5235,2311,2924,14490,9856,4634,12997,8993,4004,43,26,17,101,68,33,107,69,38,12746,8830,3916,1493,863,630,28,11,17,32,21,11,31,15,16,1402,816,586,1372,802,570,28,11,17,28,18,10,29,13,16,1287,760,527,121,61,60,0,0,0,4,3,1,2,2,0,115,56,59,19098,6964,12134
30.0,9758,45748,23145,22603,5917,3016,2901,5410,2683,2727,1418,720,698,34070,17519,16551,11678,5626,6052,16423,13176,3247,15102,12376,2726,196,137,59,183,136,47,133,80,53,14590,12023,2567,1321,800,521,44,19,25,33,23,10,24,5,19,1220,753,467,1258,762,496,43,19,24,33,23,10,17,1,16,1165,719,446,63,38,25,1,0,1,0,0,0,7,4,3,55,34,21,29325,9969,19356
31.0,8192,41936,21320,20616,5728,2970,2758,5327,2664,2663,582,299,283,31231,16067,15164,10705,5253,5452,14359,11888,2471,13267,11226,2041,66,34,32,155,120,35,244,178,66,12802,10894,1908,1092,662,430,44,20,24,25,10,15,24,11,13,999,621,378,1045,632,413,44,20,24,24,10,14,21,11,10,956,591,365,47,30,17,0,0,0,1,0,1,3,0,3,43,30,13,27577,9432,18145
32.0,9540,39334,19877,19457,4420,2278,2142,4621,2330,2291,709,358,351,32391,16713,15678,6943,3164,3779,17038,12151,4887,14393,10775,3618,145,69,76,385,293,92,350,166,184,13513,10247,3266,2645,1376,1269,81,38,43,94,56,38,133,88,45,2337,1194,1143,2533,1312,1221,80,38,42,87,50,37,125,86,39,2241,1138,1103,112,64,48,1,0,1,7,6,1,8,2,6,96,56,40,22296,7726,14570
33.0,10572,47926,24755,23171,5951,3107,2844,1932,990,942,546,281,265,37500,19843,17657,10426,4912,5514,18374,14536,3838,16163,13260,2903,198,147,51,103,85,18,315,242,73,15547,12786,2761,2211,1276,935,121,57,64,22,13,9,58,29,29,2010,1177,833,2057,1176,881,118,54,64,20,12,8,44,20,24,1875,1090,785,154,100,54,3,3,0,2,1,1,14,9,5,135,87,48,29552,10219,19333
34.0,6058,24308,12417,11891,2420,1254,1166,2988,1509,1479,339,170,169,19963,10449,9514,4345,1968,2377,9748,7296,2452,9267,7032,2235,37,26,11,26,17,9,40,32,8,9164,6957,2207,481,264,217,9,4,5,8,3,5,16,7,9,448,250,198,418,230,188,9,4,5,8,3,5,10,6,4,391,217,174,63,34,29,0,0,0,0,0,0,6,1,5,57,33,24,14560,5121,9439
35.0,8825,36738,19369,17369,2525,1290,1235,3429,1779,1650,657,338,319,32040,17232,14808,4698,2137,2561,14761,10941,3820,13906,10463,3443,90,70,20,189,139,50,81,56,25,13546,10198,3348,855,478,377,24,14,10,34,20,14,12,7,5,785,437,348,699,385,314,24,14,10,33,19,14,8,3,5,634,349,285,156,93,63,0,0,0,1,1,0,4,4,0,151,88,63,21977,8428,13549
36.0,9592,37036,19134,17902,3761,1863,1898,4769,2389,2380,763,392,371,30444,16314,14130,6592,2820,3772,15345,11250,4095,14252,10559,3693,48,33,15,96,72,24,125,89,36,13983,10365,3618,1093,691,402,16,9,7,42,16,26,40,16,24,995,650,345,1035,651,384,16,9,7,39,14,25,39,16,23,941,612,329,58,40,18,0,0,0,3,2,1,1,0,1,54,38,16,21691,7884,13807
37.0,10326,41107,21293,19814,4140,2101,2039,4031,2014,2017,577,294,283,33156,17793,15363,7951,3500,4451,16911,13135,3776,15477,12160,3317,69,46,23,92,70,22,155,113,42,15161,11931,3230,1434,975,459,22,12,10,205,147,58,29,19,10,1178,797,381,1332,900,432,20,10,10,201,144,57,18,11,7,1093,735,358,102,75,27,2,2,0,4,3,1,11,8,3,85,62,23,24196,8158,16038
38.0,9524,36879,19332,17547,3864,1973,1891,6281,3200,3081,1447,752,695,27664,15298,12366,9215,4034,5181,18252,12457,5795,15470,10743,4727,57,24,33,174,122,52,897,534,363,14342,10063,4279,2782,1714,1068,41,18,23,54,33,21,434,273,161,2253,1390,863,1506,895,611,39,17,22,40,22,18,44,20,24,1383,836,547,1276,819,457,2,1,1,14,11,3,390,253,137,870,554,316,18627,6875,11752
39.0,16537,59289,32904,26385,5953,2975,2978,4132,2211,1921,1830,1021,809,47874,27831,20043,11415,5073,6342,33082,23326,9756,30217,21672,8545,109,63,46,306,214,92,1285,989,296,28517,20406,8111,2865,1654,1211,31,19,12,60,31,29,233,146,87,2541,1458,1083,2535,1492,1043,30,18,12,57,31,26,196,125,71,2252,1318,934,330,162,168,1,1,0,3,0,3,37,21,16,289,140,149,26207,9578,16629
40.0,19506,72794,38471,34323,8580,4431,4149,6241,3210,3031,3556,1837,1719,55069,30597,24472,17725,7874,9851,37037,25369,11668,32477,22622,9855,258,179,79,1176,842,334,2038,1348,690,29005,20253,8752,4560,2747,1813,45,27,18,163,91,72,503,247,256,3849,2382,1467,3766,2214,1552,45,27,18,154,88,66,458,236,222,3109,1863,1246,794,533,261,0,0,0,9,3,6,45,11,34,740,519,221,35757,13102,22655
41.0,15805,57814,31652,26162,5942,3068,2874,3715,1958,1757,1601,888,713,45614,26356,19258,12200,5296,6904,34557,22922,11635,30736,20966,9770,121,71,50,382,284,98,2055,1399,656,28178,19212,8966,3821,1956,1865,128,61,67,69,36,33,620,314,306,3004,1545,1459,3633,1854,1779,127,60,67,65,33,32,587,297,290,2854,1464,1390,188,102,86,1,1,0,4,3,1,33,17,16,150,81,69,23257,8730,14527
42.0,10620,41352,21707,19645,4833,2473,2360,8353,4218,4135,1203,650,553,30095,16706,13389,11257,5001,6256,22023,14301,7722,20191,13242,6949,130,78,52,313,215,98,307,180,127,19441,12769,6672,1832,1059,773,59,23,36,207,123,84,68,44,24,1498,869,629,1615,913,702,57,21,36,206,122,84,33,15,18,1319,755,564,217,146,71,2,2,0,1,1,0,35,29,6,179,114,65,19329,7406,11923
43.0,13291,51200,26617,24583,5375,2775,2600,5856,2965,2891,993,516,477,40583,21980,18603,10617,4637,5980,24523,17087,7436,22775,16080,6695,237,163,74,123,84,39,541,333,208,21874,15500,6374,1748,1007,741,47,23,24,61,32,29,89,39,50,1551,913,638,1632,942,690,46,22,24,61,32,29,83,36,47,1442,852,590,116,65,51,1,1,0,0,0,0,6,3,3,109,61,48,26677,9530,17147
44.0,10051,40212,20754,19458,4199,2107,2092,6767,3431,3336,653,328,325,31605,17069,14536,8607,3685,4922,18024,12973,5051,17084,12430,4654,20,15,5,61,50,11,162,107,55,16841,12258,4583,940,543,397,11,5,6,6,5,1,29,10,19,894,523,371,824,480,344,10,4,6,6,5,1,14,6,8,794,465,329,116,63,53,1,1,0,0,0,0,15,4,11,100,58,42,22188,7781,14407
45.0,8503,34196,17527,16669,3017,1549,1468,2907,1465,1442,612,308,304,28811,15111,13700,5385,2416,2969,13572,10196,3376,11780,9151,2629,58,39,19,92,68,24,172,134,38,11458,8910,2548,1792,1045,747,40,24,16,42,20,22,109,44,65,1601,957,644,1525,915,610,38,22,16,38,19,19,53,35,18,1396,839,557,267,130,137,2,2,0,4,1,3,56,9,47,205,118,87,20624,7331,13293
46.0,7696,31449,16046,15403,3197,1632,1565,2633,1334,1299,284,143,141,26399,13750,12649,5050,2296,2754,12301,9431,2870,11169,8656,2513,41,26,15,89,69,20,170,142,28,10869,8419,2450,1132,775,357,18,14,4,18,10,8,89,61,28,1007,690,317,1031,708,323,18,14,4,12,6,6,70,50,20,931,638,293,101,67,34,0,0,0,6,4,2,19,11,8,76,52,24,19148,6615,12533
47.0,8941,42135,21936,20199,5872,3019,2853,7645,3859,3786,418,212,206,28559,15278,13281,13576,6658,6918,16403,13004,3399,14361,11687,2674,80,55,25,373,300,73,654,535,119,13254,10797,2457,2042,1317,725,14,6,8,275,197,78,48,31,17,1705,1083,622,1697,1070,627,13,6,7,272,196,76,36,24,12,1376,844,532,345,247,98,1,0,1,3,1,2,12,7,5,329,239,90,25732,8932,16800
48.0,7419,35814,18235,17579,4885,2546,2339,7118,3605,3513,425,219,206,25356,13004,12352,10458,5231,5227,12555,10246,2309,10756,8996,1760,43,28,15,160,133,27,550,453,97,10003,8382,1621,1799,1250,549,25,17,8,34,20,14,221,180,41,1519,1033,486,1543,1044,499,23,16,7,32,19,13,217,178,39,1271,831,440,256,206,50,2,1,1,2,1,1,4,2,2,248,202,46,23259,7989,15270
49.0,8850,37955,19056,18899,4176,2168,2008,6579,3301,3278,1419,719,700,29653,15211,14442,8302,3845,4457,14916,10547,4369,13227,9576,3651,114,66,48,149,103,46,270,190,80,12694,9217,3477,1689,971,718,28,12,16,54,21,33,73,46,27,1534,892,642,1393,797,596,28,12,16,39,17,22,49,30,19,1277,738,539,296,174,122,0,0,0,15,4,11,24,16,8,257,154,103,23039,8509,14530
50.0,12384,49094,26406,22688,5724,2888,2836,10790,5471,5319,1225,674,551,37912,21482,16430,11182,4924,6258,22549,16868,5681,20565,15594,4971,61,38,23,87,60,27,319,216,103,20098,15280,4818,1984,1274,710,30,12,18,22,12,10,153,124,29,1779,1126,653,1712,1090,622,29,12,17,16,8,8,38,27,11,1629,1043,586,272,184,88,1,0,1,6,4,2,115,97,18,150,83,67,26545,9538,17007
51.0,11087,46159,23667,22492,5391,2762,2629,10819,5491,5328,755,379,376,36584,19334,17250,9575,4333,5242,18945,13820,5125,17392,12892,4500,192,119,73,272,192,80,298,223,75,16630,12358,4272,1553,928,625,49,19,30,22,11,11,20,10,10,1462,888,574,1395,839,556,48,19,29,21,10,11,15,7,8,1311,803,508,158,89,69,1,0,1,1,1,0,5,3,2,151,85,66,27214,9847,17367
52.0,8961,35168,18081,17087,3770,1920,1850,3563,1792,1771,933,499,434,28524,15183,13341,6644,2898,3746,14711,10861,3850,12748,9672,3076,108,69,39,264,177,87,214,166,48,12162,9260,2902,1963,1189,774,43,23,20,188,55,133,39,24,15,1693,1087,606,1719,1002,717,43,23,20,187,55,132,31,20,11,1458,904,554,244,187,57,0,0,0,1,0,1,8,4,4,235,183,52,20457,7220,13237
53.0,11936,48585,25140,23445,5977,3099,2878,7476,3778,3698,1008,537,471,36707,19796,16911,11878,5344,6534,19676,14706,4970,16907,13166,3741,104,81,23,125,91,34,379,225,154,16299,12769,3530,2769,1540,1229,71,28,43,35,23,12,258,78,180,2405,1411,994,2425,1347,1078,71,28,43,29,18,11,214,59,155,2111,1242,869,344,193,151,0,0,0,6,5,1,44,19,25,294,169,125,28909,10434,18475
54.0,12579,50191,28201,21990,6128,3223,2905,6964,3610,3354,1132,639,493,38041,22781,15260,12150,5420,6730,23792,18564,5228,21710,17200,4510,268,207,61,296,232,64,700,496,204,20446,16265,4181,2082,1364,718,62,36,26,57,38,19,136,88,48,1827,1202,625,1930,1264,666,61,35,26,50,32,18,108,73,35,1711,1124,587,152,100,52,1,1,0,7,6,1,28,15,13,116,78,38,26399,9637,16762
55.0,8638,33946,18302,15644,4051,2000,2051,4851,2513,2338,771,434,337,26371,15007,11364,7575,3295,4280,15274,11944,3330,14520,11531,2989,86,47,39,113,84,29,99,58,41,14222,11342,2880,754,413,341,15,6,9,108,65,43,46,20,26,585,322,263,697,384,313,15,6,9,106,64,42,37,17,20,539,297,242,57,29,28,0,0,0,2,1,1,9,3,6,46,25,21,18672,6358,12314
56.0,11039,43443,22637,20806,5198,2621,2577,8354,4233,4121,622,315,307,34423,18507,15916,9020,4130,4890,18226,13907,4319,17300,13349,3951,71,34,37,74,53,21,263,193,70,16892,13069,3823,926,558,368,44,20,24,4,2,2,28,22,6,850,514,336,806,484,322,44,20,24,4,2,2,25,20,5,733,442,291,120,74,46,0,0,0,0,0,0,3,2,1,117,72,45,25217,8730,16487
57.0,16710,58815,30553,28262,7422,3824,3598,4516,2306,2210,943,483,460,46673,24782,21891,12142,5771,6371,27027,19433,7594,23860,17637,6223,128,77,51,409,280,129,193,118,75,23130,17162,5968,3167,1796,1371,54,24,30,79,47,32,52,25,27,2982,1700,1282,3024,1725,1299,53,23,30,78,47,31,48,23,25,2845,1632,1213,143,71,72,1,1,0,1,0,1,4,2,2,137,68,69,31788,11120,20668
58.0,12200,43983,22819,21164,4310,2203,2107,4473,2291,2182,794,411,383,35010,18581,16429,8973,4238,4735,20369,14390,5979,18523,13338,5185,77,46,31,110,69,41,398,284,114,17938,12939,4999,1846,1052,794,102,73,29,57,38,19,131,41,90,1556,900,656,1715,985,730,100,72,28,54,35,19,97,26,71,1464,852,612,131,67,64,2,1,1,3,3,0,34,15,19,92,48,44,23614,8429,15185
59.0,10113,40362,19936,20426,3932,2005,1927,10088,5081,5007,353,187,166,33359,16849,16510,7003,3087,3916,16327,11482,4845,14904,10592,4312,323,246,77,123,91,32,107,77,30,14351,10178,4173,1423,890,533,18,12,6,21,16,5,129,68,61,1255,794,461,1020,648,372,16,10,6,20,15,5,40,19,21,944,604,340,403,242,161,2,2,0,1,1,0,89,49,40,311,190,121,24035,8454,15581
60.0,7340,35334,17533,17801,4147,2104,2043,9985,4907,5078,336,162,174,26064,13334,12730,9270,4199,5071,14167,10051,4116,12018,8752,3266,45,25,20,79,54,25,155,86,69,11739,8587,3152,2149,1299,850,23,11,12,36,14,22,68,39,29,2022,1235,787,1928,1161,767,23,11,12,34,12,22,18,11,7,1853,1127,726,221,138,83,0,0,0,2,2,0,50,28,22,169,108,61,21167,7482,13685
61.0,7941,38050,19413,18637,5122,2641,2481,6497,3276,3221,541,271,270,27268,14174,13094,10782,5239,5543,13916,11019,2897,12613,10195,2418,40,20,20,133,91,42,193,122,71,12247,9962,2285,1303,824,479,51,25,26,55,28,27,46,13,33,1151,758,393,1194,751,443,47,22,25,48,23,25,36,7,29,1063,699,364,109,73,36,4,3,1,7,5,2,10,6,4,88,59,29,24134,8394,15740
62.0,7530,34394,17305,17089,3947,2073,1874,8666,4319,4347,268,148,120,26870,13932,12938,7524,3373,4151,13349,9699,3650,11601,8637,2964,72,36,36,182,109,73,479,356,123,10868,8136,2732,1748,1062,686,35,11,24,138,65,73,60,35,25,1515,951,564,1471,886,585,35,11,24,125,59,66,51,31,20,1260,785,475,277,176,101,0,0,0,13,6,7,9,4,5,255,166,89,21045,7606,13439
63.0,4808,21728,10720,11008,2062,1017,1045,3297,1601,1696,225,117,108,17958,9029,8929,3770,1691,2079,8297,6247,2050,7543,5856,1687,37,18,19,28,21,7,106,95,11,7372,5722,1650,754,391,363,41,12,29,5,2,3,12,3,9,696,374,322,727,377,350,41,12,29,4,2,2,10,2,8,672,361,311,27,14,13,0,0,0,1,0,1,2,1,1,24,13,11,13431,4473,8958
64.0,7641,31118,15502,15616,2679,1373,1306,3604,1759,1845,402,212,190,26172,13426,12746,4946,2076,2870,12586,9381,3205,11549,8759,2790,123,68,55,85,65,20,364,273,91,10977,8353,2624,1037,622,415,27,15,12,15,8,7,74,46,28,921,553,368,944,551,393,25,13,12,15,8,7,61,36,25,843,494,349,93,71,22,2,2,0,0,0,0,13,10,3,78,59,19,18532,6121,12411
65.0,9823,35609,17558,18051,2485,1278,1207,1066,552,514,222,121,101,31205,15627,15578,4404,1931,2473,14776,10388,4388,14211,10065,4146,17,13,4,46,32,14,151,112,39,13997,9908,4089,565,323,242,8,4,4,4,3,1,13,6,7,540,310,230,448,256,192,7,4,3,3,3,0,11,6,5,427,243,184,117,67,50,1,0,1,1,0,1,2,0,2,113,67,46,20833,7170,13663
66.0,9383,35709,17893,17816,2999,1508,1491,1179,573,606,410,210,200,30797,15774,15023,4912,2119,2793,14550,10727,3823,14038,10453,3585,42,32,10,132,99,33,540,388,152,13324,9934,3390,512,274,238,13,7,6,7,4,3,46,26,20,446,237,209,453,234,219,13,7,6,7,4,3,39,22,17,394,201,193,59,40,19,0,0,0,0,0,0,7,4,3,52,36,16,21159,7166,13993
67.0,8667,34574,17397,17177,2666,1344,1322,2388,1190,1198,592,292,300,30066,15490,14576,4508,1907,2601,14481,10441,4040,13057,9679,3378,50,30,20,114,74,40,223,171,52,12670,9404,3266,1424,762,662,47,18,29,25,10,15,25,12,13,1327,722,605,1350,728,622,47,18,29,20,8,12,23,11,12,1260,691,569,74,34,40,0,0,0,5,2,3,2,1,1,67,31,36,20093,6956,13137
68.0,11563,44615,23091,21524,4497,2343,2154,2093,1063,1030,545,268,277,36242,19441,16801,8373,3650,4723,19345,14471,4874,17680,13637,4043,30,20,10,65,48,17,252,164,88,17333,13405,3928,1665,834,831,39,22,17,19,11,8,32,15,17,1575,786,789,1376,752,624,38,21,17,13,7,6,26,14,12,1299,710,589,289,82,207,1,1,0,6,4,2,6,1,5,276,76,200,25270,8620,16650
69.0,15178,57077,29828,27249,6299,3219,3080,3847,1968,1879,1240,646,594,43547,23932,19615,13530,5896,7634,29114,19692,9422,27566,18961,8605,65,41,24,189,137,52,917,620,297,26395,18163,8232,1548,731,817,51,17,34,31,8,23,25,9,16,1441,697,744,1445,673,772,51,17,34,30,8,22,22,9,13,1342,639,703,103,58,45,0,0,0,1,0,1,3,0,3,99,58,41,27963,10136,17827
70.0,17262,61479,33139,28340,6850,3464,3386,4847,2506,2341,1426,740,686,47242,26991,20251,14237,6148,8089,33382,23049,10333,31471,21936,9535,54,36,18,256,197,59,243,164,79,30918,21539,9379,1911,1113,798,16,5,11,28,15,13,160,82,78,1707,1011,696,1689,951,738,16,5,11,26,13,13,140,70,70,1507,863,644,222,162,60,0,0,0,2,2,0,20,12,8,200,148,52,28097,10090,18007
71.0,18438,66314,35787,30527,7437,3907,3530,4305,2332,1973,1515,834,681,51019,28752,22267,15295,7035,8260,34123,24357,9766,33027,23777,9250,70,61,9,209,161,48,574,353,221,32174,23202,8972,1096,580,516,49,14,35,27,15,12,59,31,28,961,520,441,906,466,440,49,14,35,23,13,10,49,24,25,785,415,370,190,114,76,0,0,0,4,2,2,10,7,3,176,105,71,32191,11430,20761
72.0,16215,62272,33066,29206,7339,3846,3493,4160,2092,2068,1509,792,717,48757,26962,21795,13515,6104,7411,27498,20433,7065,25956,19705,6251,253,156,97,505,367,138,608,451,157,24590,18731,5859,1542,728,814,86,33,53,129,24,105,29,15,14,1298,656,642,1452,684,768,86,33,53,124,21,103,19,9,10,1223,621,602,90,44,46,0,0,0,5,3,2,10,6,4,75,35,40,34774,12633,22141
73.0,17739,68922,36138,32784,7734,3983,3751,5409,2928,2481,1499,787,712,54039,29414,24625,14883,6724,8159,31196,22606,8590,29506,21663,7843,164,87,77,182,125,57,296,204,92,28864,21247,7617,1690,943,747,30,18,12,55,28,27,27,10,17,1578,887,691,1590,901,689,30,18,12,54,28,26,20,7,13,1486,848,638,100,42,58,0,0,0,1,0,1,7,3,4,92,39,53,37726,13532,24194
74.0,11074,43844,22480,21364,4423,2318,2105,7710,3966,3744,543,277,266,33583,18171,15412,10261,4309,5952,19666,14114,5552,18002,13244,4758,48,36,12,99,74,25,287,195,92,17568,12939,4629,1664,870,794,38,14,24,12,7,5,24,15,9,1590,834,756,1567,817,750,37,14,23,11,6,5,18,12,6,1501,785,716,97,53,44,1,0,1,1,1,0,6,3,3,89,49,40,24178,8366,15812
75.0,12433,48734,25246,23488,5112,2645,2467,1933,978,955,553,280,273,38817,20866,17951,9917,4380,5537,20727,15508,5219,19492,14847,4645,54,36,18,97,68,29,795,623,172,18546,14120,4426,1235,661,574,41,19,22,24,13,11,43,16,27,1127,613,514,1160,626,534,39,17,22,18,10,8,37,14,23,1066,585,481,75,35,40,2,2,0,6,3,3,6,2,4,61,28,33,28007,9738,18269
76.0,8489,33236,16934,16302,2742,1424,1318,1022,532,490,325,176,149,28468,14831,13637,4768,2103,2665,13440,10202,3238,12580,9683,2897,63,44,19,34,21,13,134,95,39,12349,9523,2826,860,519,341,16,5,11,15,8,7,24,16,8,805,490,315,837,506,331,16,5,11,15,8,7,23,16,7,783,477,306,23,13,10,0,0,0,0,0,0,1,0,1,22,13,9,19796,6732,13064
77.0,8325,33388,17100,16288,2894,1474,1420,3453,1722,1731,463,232,231,27542,14703,12839,5846,2397,3449,14716,10792,3924,13244,9947,3297,30,18,12,84,53,31,632,433,199,12498,9443,3055,1472,845,627,26,9,17,18,9,9,60,28,32,1368,799,569,1292,748,544,24,8,16,14,7,7,56,25,31,1198,708,490,180,97,83,2,1,1,4,2,2,4,3,1,170,91,79,18672,6308,12364
78.0,6595,28835,14431,14404,2808,1435,1373,2262,1141,1121,429,214,215,24699,12493,12206,4136,1938,2198,10906,8014,2892,9363,7086,2277,38,19,19,46,26,20,109,74,35,9170,6967,2203,1543,928,615,23,10,13,14,8,6,17,4,13,1489,906,583,1488,898,590,23,10,13,13,8,5,17,4,13,1435,876,559,55,30,25,0,0,0,1,0,1,0,0,0,54,30,24,17929,6417,11512
79.0,9052,37291,18906,18385,3851,1963,1888,13506,6809,6697,442,226,216,29094,15415,13679,8197,3491,4706,16480,11247,5233,15067,10499,4568,65,45,20,200,143,57,207,148,59,14595,10163,4432,1413,748,665,31,13,18,28,14,14,21,8,13,1333,713,620,1300,695,605,30,12,18,27,13,14,16,7,9,1227,663,564,113,53,60,1,1,0,1,1,0,5,1,4,106,50,56,20811,7659,13152
80.0,8877,35228,17474,17754,3315,1708,1607,11220,5551,5669,398,202,196,29777,15019,14758,5451,2455,2996,15847,10609,5238,13428,9332,4096,178,99,79,157,106,51,265,165,100,12828,8962,3866,2419,1277,1142,46,20,26,24,11,13,105,65,40,2244,1181,1063,2368,1250,1118,46,20,26,19,9,10,103,64,39,2200,1157,1043,51,27,24,0,0,0,5,2,3,2,1,1,44,24,20,19381,6865,12516
81.0,15419,57062,29816,27246,7512,3818,3694,6055,3021,3034,761,392,369,45604,24543,21061,11458,5273,6185,26336,19008,7328,24034,17818,6216,156,112,44,319,249,70,426,286,140,23133,17171,5962,2302,1190,1112,43,15,28,29,13,16,69,32,37,2161,1130,1031,2154,1129,1025,41,14,27,27,12,15,58,32,26,2028,1071,957,148,61,87,2,1,1,2,1,1,11,0,11,133,59,74,30726,10808,19918
82.0,13453,49631,27919,21712,6038,3094,2944,6566,3449,3117,1293,768,525,37819,22548,15271,11812,5371,6441,25721,19509,6212,24112,18513,5599,129,93,36,111,81,30,208,149,59,23664,18190,5474,1609,996,613,63,26,37,29,20,9,49,35,14,1468,915,553,1319,807,512,63,26,37,16,9,7,31,21,10,1209,751,458,290,189,101,0,0,0,13,11,2,18,14,4,259,164,95,23910,8410,15500
83.0,11423,43942,23604,20338,5368,2755,2613,8138,4104,4034,784,428,356,34289,19282,15007,9653,4322,5331,17920,13764,4156,16216,12729,3487,166,137,29,206,157,49,218,158,60,15626,12277,3349,1704,1035,669,122,37,85,53,39,14,62,43,19,1467,916,551,1488,886,602,118,36,82,40,29,11,49,33,16,1281,788,493,216,149,67,4,1,3,13,10,3,13,10,3,186,128,58,26022,9840,16182
84.0,13419,50556,26388,24168,6140,3162,2978,5614,2854,2760,901,458,443,38630,21152,17478,11926,5236,6690,22359,16488,5871,20739,15608,5131,668,555,113,551,360,191,411,264,147,19109,14429,4680,1620,880,740,57,23,34,79,51,28,66,32,34,1418,774,644,1436,773,663,57,23,34,53,30,23,51,23,28,1275,697,578,184,107,77,0,0,0,26,21,5,15,9,6,143,77,66,28197,9900,18297
85.0,17755,63083,32888,30195,8852,4501,4351,5430,2788,2642,1078,552,526,49025,26274,22751,14058,6614,7444,30091,20937,9154,27186,19503,7683,134,77,57,431,304,127,262,171,91,26359,18951,7408,2905,1434,1471,140,59,81,180,121,59,87,25,62,2498,1229,1269,2717,1331,1386,139,58,81,174,118,56,76,17,59,2328,1138,1190,188,103,85,1,1,0,6,3,3,11,8,3,170,91,79,32992,11951,21041
86.0,11051,39768,22555,17213,4167,2202,1965,5390,2751,2639,712,369,343,31725,18849,12876,8043,3706,4337,19700,15366,4334,17977,14254,3723,88,70,18,196,147,49,193,135,58,17500,13902,3598,1723,1112,611,57,30,27,52,19,33,29,16,13,1585,1047,538,1675,1079,596,56,29,27,47,15,32,28,15,13,1544,1020,524,48,33,15,1,1,0,5,4,1,1,1,0,41,27,14,20068,7189,12879
87.0,10044,39926,20925,19001,5062,2686,2376,6793,3406,3387,1113,585,528,31509,17027,14482,8417,3898,4519,16457,12628,3829,15450,12047,3403,426,297,129,260,197,63,137,93,44,14627,11460,3167,1007,581,426,72,31,41,21,11,10,38,25,13,876,514,362,752,378,374,72,31,41,11,3,8,15,7,8,654,337,317,255,203,52,0,0,0,10,8,2,23,18,5,222,177,45,23469,8297,15172
88.0,9741,38251,19425,18826,3973,2067,1906,9311,4654,4657,678,338,340,30801,16243,14558,7450,3182,4268,16818,11656,5162,14958,10622,4336,81,37,44,139,88,51,179,117,62,14559,10380,4179,1860,1034,826,41,21,20,39,18,21,29,15,14,1751,980,771,1729,964,765,41,21,20,38,17,21,23,10,13,1627,916,711,131,70,61,0,0,0,1,1,0,6,5,1,124,64,60,21433,7769,13664
89.0,8806,33793,16989,16804,3216,1665,1551,3861,1888,1973,659,322,337,28542,14682,13860,5251,2307,2944,14541,10499,4042,13115,9698,3417,63,43,20,128,95,33,245,162,83,12679,9398,3281,1426,801,625,79,37,42,60,26,34,36,14,22,1251,724,527,1349,755,594,76,35,41,59,25,34,29,10,19,1185,685,500,77,46,31,3,2,1,1,1,0,7,4,3,66,39,27,19252,6490,12762
90.0,7771,35090,19627,15463,3005,1548,1457,8566,4335,4231,369,246,123,29815,17220,12595,5275,2407,2868,16802,13266,3536,15089,12205,2884,71,43,28,389,267,122,181,128,53,14448,11767,2681,1713,1061,652,25,12,13,23,13,10,40,26,14,1625,1010,615,1667,1031,636,24,11,13,19,10,9,37,24,13,1587,986,601,46,30,16,1,1,0,4,3,1,3,2,1,38,24,14,18288,6361,11927
91.0,7074,32689,16493,16196,3421,1787,1634,2007,979,1028,157,82,75,27045,13759,13286,5644,2734,2910,11471,9581,1890,10636,9000,1636,32,24,8,27,23,4,92,77,15,10485,8876,1609,835,581,254,25,3,22,8,3,5,1,1,0,801,574,227,718,482,236,25,3,22,6,1,5,0,0,0,687,478,209,117,99,18,0,0,0,2,2,0,1,1,0,114,96,18,21218,6912,14306
92.0,7276,37506,19324,18182,4788,2423,2365,2379,1154,1225,152,82,70,29424,15365,14059,8082,3959,4123,12723,11439,1284,12292,11118,1174,24,20,4,32,30,2,192,172,20,12044,10896,1148,431,321,110,7,4,3,2,2,0,10,9,1,412,306,106,347,271,76,7,4,3,2,2,0,8,7,1,330,258,72,84,50,34,0,0,0,0,0,0,2,2,0,82,48,34,24783,7885,16898
93.0,5304,22815,11039,11776,1575,817,758,2757,1342,1415,243,115,128,19873,9729,10144,2942,1310,1632,9339,6735,2604,8854,6435,2419,22,13,9,50,33,17,127,109,18,8655,6280,2375,485,300,185,2,1,1,8,3,5,9,5,4,466,291,175,399,236,163,2,1,1,8,3,5,7,4,3,382,228,154,86,64,22,0,0,0,0,0,0,2,1,1,84,63,21,13476,4304,9172
94.0,6599,31208,17306,13902,2653,1410,1243,6377,3212,3165,263,153,110,25422,14665,10757,5786,2641,3145,13224,10152,3072,11635,9201,2434,53,42,11,212,157,55,257,178,79,11113,8824,2289,1589,951,638,35,16,19,43,29,14,105,57,48,1406,849,557,1350,777,573,35,16,19,28,17,11,66,32,34,1221,712,509,239,174,65,0,0,0,15,12,3,39,25,14,185,137,48,17984,7154,10830
95.0,8711,37693,19313,18380,3908,2049,1859,16365,8266,8099,607,329,278,27892,15309,12583,9801,4004,5797,16569,11414,5155,14510,10181,4329,122,76,46,176,119,57,292,197,95,13920,9789,4131,2059,1233,826,26,13,13,59,38,21,54,27,27,1920,1155,765,1942,1169,773,25,13,12,59,38,21,50,27,23,1808,1091,717,117,64,53,1,0,1,0,0,0,4,0,4,112,64,48,21124,7899,13225
96.0,8693,38110,19481,18629,4153,2143,2010,6637,3300,3337,357,168,189,28898,15408,13490,9212,4073,5139,16137,12060,4077,14044,10720,3324,30,22,8,179,133,46,285,177,108,13550,10388,3162,2093,1340,753,12,9,3,32,25,7,60,25,35,1989,1281,708,2015,1292,723,12,9,3,23,17,6,57,24,33,1923,1242,681,78,48,30,0,0,0,9,8,1,3,1,2,66,39,27,21973,7421,14552
97.0,8253,35721,18163,17558,3411,1762,1649,11005,5502,5503,245,125,120,28454,15211,13243,7267,2952,4315,15565,11208,4357,14074,10445,3629,57,29,28,283,190,93,388,265,123,13346,9961,3385,1491,763,728,25,12,13,57,29,28,30,12,18,1379,710,669,1385,714,671,25,12,13,56,29,27,27,11,16,1277,662,615,106,49,57,0,0,0,1,0,1,3,1,2,102,48,54,20156,6955,13201
98.0,8276,32913,16837,16076,3121,1614,1507,1979,989,990,184,96,88,27169,14328,12841,5744,2509,3235,12836,10278,2558,12519,10101,2418,18,11,7,77,62,15,103,68,35,12321,9960,2361,317,177,140,10,5,5,3,2,1,9,6,3,295,164,131,301,166,135,10,5,5,3,2,1,7,5,2,281,154,127,16,11,5,0,0,0,0,0,0,2,1,1,14,10,4,20077,6559,13518
99.0,8398,33084,16969,16115,3052,1586,1466,2322,1158,1164,361,201,160,27496,14618,12878,5588,2351,3237,13728,10324,3404,13295,10089,3206,22,14,8,73,54,19,134,95,39,13066,9926,3140,433,235,198,22,6,16,13,5,8,15,4,11,383,220,163,381,200,181,22,6,16,13,5,8,11,1,10,335,188,147,52,35,17,0,0,0,0,0,0,4,3,1,48,32,16,19356,6645,12711
100.0,7495,30333,15465,14868,2764,1421,1343,1820,937,883,529,259,270,25409,13334,12075,4924,2131,2793,12810,9426,3384,11819,8902,2917,63,27,36,90,66,24,397,273,124,11269,8536,2733,991,524,467,43,15,28,14,7,7,95,41,54,839,461,378,838,451,387,42,14,28,14,7,7,46,23,23,736,407,329,153,73,80,1,1,0,0,0,0,49,18,31,103,54,49,17523,6039,11484
101.0,7482,30051,15700,14351,2882,1532,1350,2538,1303,1235,456,235,221,24833,13383,11450,5218,2317,2901,12835,9512,3323,12240,9231,3009,43,25,18,55,35,20,89,61,28,12053,9110,2943,595,281,314,59,20,39,2,2,0,13,3,10,521,256,265,573,272,301,59,20,39,2,2,0,7,3,4,505,247,258,22,9,13,0,0,0,0,0,0,6,0,6,16,9,7,17216,6188,11028
102.0,13443,50893,27129,23764,5361,2785,2576,2041,1071,970,831,452,379,39634,22289,17345,11259,4840,6419,24334,18005,6329,22910,17238,5672,62,40,22,150,100,50,487,365,122,22211,16733,5478,1424,767,657,30,12,18,17,9,8,55,31,24,1322,715,607,1327,723,604,30,12,18,15,8,7,40,23,17,1242,680,562,97,44,53,0,0,0,2,1,1,15,8,7,80,35,45,26559,9124,17435
103.0,14168,53532,28684,24848,5684,2949,2735,1959,1021,938,1138,591,547,42442,23795,18647,11090,4889,6201,25022,18836,6186,24196,18413,5783,66,33,33,111,77,34,171,117,54,23848,18186,5662,826,423,403,34,7,27,11,6,5,18,9,9,763,401,362,651,324,327,34,7,27,9,4,5,9,5,4,599,308,291,175,99,76,0,0,0,2,2,0,9,4,5,164,93,71,28510,9848,18662
104.0,6678,26873,13862,13011,2476,1255,1221,2723,1361,1362,467,244,223,22410,11991,10419,4463,1871,2592,11117,8363,2754,10460,7987,2473,62,35,27,38,30,8,51,32,19,10309,7890,2419,657,376,281,40,21,19,9,7,2,2,0,2,606,348,258,580,333,247,40,21,19,7,5,2,1,0,1,532,307,225,77,43,34,0,0,0,2,2,0,1,0,1,74,41,33,15756,5499,10257
105.0,7192,28355,14614,13741,2684,1411,1273,3225,1650,1575,599,307,292,23278,12435,10843,5077,2179,2898,12259,9013,3246,10990,8229,2761,38,23,15,124,88,36,272,185,87,10556,7933,2623,1269,784,485,22,12,10,10,3,7,17,8,9,1220,761,459,1201,740,461,22,12,10,9,3,6,15,8,7,1155,717,438,68,44,24,0,0,0,1,0,1,2,0,2,65,44,21,16096,5601,10495
106.0,6077,24181,12517,11664,2152,1114,1038,2158,1119,1039,678,353,325,20292,10897,9395,3889,1620,2269,10519,7968,2551,9925,7668,2257,63,29,34,145,113,32,216,151,65,9501,7375,2126,594,300,294,40,17,23,8,6,2,29,20,9,517,257,260,516,258,258,40,17,23,8,6,2,17,9,8,451,226,225,78,42,36,0,0,0,0,0,0,12,11,1,66,31,35,13662,4549,9113
107.0,9260,36461,19071,17390,3269,1772,1497,1197,630,567,510,269,241,31031,16668,14363,5430,2403,3027,15995,12097,3898,14768,11444,3324,87,63,24,99,77,22,183,133,50,14399,11171,3228,1227,653,574,42,15,27,9,4,5,30,14,16,1146,620,526,1095,572,523,41,15,26,9,4,5,23,11,12,1022,542,480,132,81,51,1,0,1,0,0,0,7,3,4,124,78,46,20466,6974,13492
108.0,8156,33866,17274,16592,2783,1491,1292,1577,798,779,301,157,144,29178,15115,14063,4688,2159,2529,14002,10419,3583,13018,9852,3166,47,27,20,38,30,8,274,230,44,12659,9565,3094,984,567,417,34,15,19,6,5,1,14,9,5,930,538,392,842,479,363,34,15,19,4,3,1,11,7,4,793,454,339,142,88,54,0,0,0,2,2,0,3,2,1,137,84,53,19864,6855,13009
109.0,6842,33292,17629,15663,3513,1862,1651,277,135,142,185,100,85,27525,15052,12473,5767,2577,3190,12158,10840,1318,11747,10600,1147,40,32,8,51,46,5,397,354,43,11259,10168,1091,411,240,171,29,12,17,5,3,2,16,10,6,361,215,146,354,197,157,29,12,17,5,3,2,15,9,6,305,173,132,57,43,14,0,0,0,0,0,0,1,1,0,56,42,14,21134,6789,14345
110.0,6423,27504,13999,13505,2472,1245,1227,1890,967,923,155,78,77,23139,12165,10974,4365,1834,2531,11017,8674,2343,10447,8297,2150,51,26,25,43,36,7,512,417,95,9841,7818,2023,570,377,193,17,9,8,7,3,4,19,12,7,527,353,174,523,344,179,17,9,8,7,3,4,18,11,7,481,321,160,47,33,14,0,0,0,0,0,0,1,1,0,46,32,14,16487,5325,11162
111.0,5493,22995,11518,11477,1883,969,914,3178,1512,1666,291,124,167,20131,10184,9947,2864,1334,1530,9700,6794,2906,8667,6269,2398,52,21,31,52,35,17,138,105,33,8425,6108,2317,1033,525,508,40,17,23,12,6,6,14,8,6,967,494,473,956,481,475,40,17,23,12,6,6,13,8,5,891,450,441,77,44,33,0,0,0,0,0,0,1,0,1,76,44,32,13295,4724,8571
112.0,7844,30638,15497,15141,2622,1325,1297,6055,3002,3053,762,385,377,25807,13356,12451,4831,2141,2690,13005,9212,3793,12080,8729,3351,64,37,27,71,52,19,111,80,31,11834,8560,3274,925,483,442,32,16,16,5,4,1,5,0,5,883,463,420,874,450,424,32,16,16,5,4,1,4,0,4,833,430,403,51,33,18,0,0,0,0,0,0,1,0,1,50,33,17,17633,6285,11348
113.0,10725,38108,19995,18113,3932,2048,1884,4576,2296,2280,306,156,150,31640,17094,14546,6468,2901,3567,18567,13100,5467,17008,12235,4773,73,47,26,101,68,33,641,415,226,16193,11705,4488,1559,865,694,50,15,35,44,29,15,49,29,20,1416,792,624,1413,758,655,50,15,35,40,25,15,36,23,13,1287,695,592,146,107,39,0,0,0,4,4,0,13,6,7,129,97,32,19541,6895,12646
114.0,7734,36916,21259,15657,3066,1595,1471,11469,5730,5739,270,173,97,32112,19105,13007,4804,2154,2650,17913,14463,3450,17236,14097,3139,45,30,15,48,28,20,243,173,70,16900,13866,3034,677,366,311,39,10,29,9,2,7,39,18,21,590,336,254,607,323,284,38,9,29,8,2,6,31,13,18,530,299,231,70,43,27,1,1,0,1,0,1,8,5,3,60,37,23,19003,6796,12207
115.0,8466,37060,18685,18375,3770,1898,1872,10668,5297,5371,1274,641,633,29878,15463,14415,7182,3222,3960,15016,10634,4382,13335,9758,3577,83,40,43,87,57,30,369,290,79,12796,9371,3425,1681,876,805,92,42,50,26,14,12,172,82,90,1391,738,653,1549,802,747,92,42,50,22,12,10,150,70,80,1285,678,607,132,74,58,0,0,0,4,2,2,22,12,10,106,60,46,22044,8051,13993
116.0,10743,48534,25323,23211,6226,3155,3071,8950,4477,4473,643,310,333,36043,19410,16633,12491,5913,6578,20245,15138,5107,18126,13896,4230,229,125,104,126,74,52,416,280,136,17355,13417,3938,2119,1242,877,58,28,30,71,58,13,35,11,24,1955,1145,810,1984,1182,802,57,28,29,68,56,12,31,10,21,1828,1088,740,135,60,75,1,0,1,3,2,1,4,1,3,127,57,70,28289,10185,18104
117.0,9465,42095,22237,19858,4102,2119,1983,6246,3098,3148,649,338,311,34332,18757,15575,7763,3480,4283,18144,13777,4367,16413,12799,3614,179,105,74,115,79,36,841,491,350,15278,12124,3154,1731,978,753,110,49,61,32,20,12,75,38,37,1514,871,643,1596,888,708,110,49,61,30,18,12,60,32,28,1396,789,607,135,90,45,0,0,0,2,2,0,15,6,9,118,82,36,23951,8460,15491
118.0,5953,28784,14447,14337,3297,1621,1676,10840,5288,5552,297,133,164,19257,10259,8998,9527,4188,5339,12509,8682,3827,9666,7213,2453,398,180,218,103,77,26,270,196,74,8895,6760,2135,2843,1469,1374,183,92,91,164,92,72,311,199,112,2185,1086,1099,2195,1110,1085,179,89,90,143,78,65,205,137,68,1668,806,862,648,359,289,4,3,1,21,14,7,106,62,44,517,280,237,16275,5765,10510
119.0,5485,27076,14156,12920,3058,1539,1519,1990,1014,976,150,81,69,21471,11655,9816,5605,2501,3104,9850,8297,1553,8931,7819,1112,44,31,13,29,23,6,394,364,30,8464,7401,1063,919,478,441,30,12,18,4,2,2,48,14,34,837,450,387,876,455,421,30,12,18,4,2,2,46,13,33,796,428,368,43,23,20,0,0,0,0,0,0,2,1,1,41,22,19,17226,5859,11367
120.0,8652,37344,19213,18131,4071,2118,1953,5438,2764,2674,446,236,210,28524,15419,13105,8820,3794,5026,14910,11482,3428,14267,11118,3149,81,46,35,45,30,15,301,235,66,13840,10807,3033,643,364,279,37,16,21,13,6,7,12,5,7,581,337,244,570,325,245,37,16,21,12,6,6,10,4,6,511,299,212,73,39,34,0,0,0,1,0,1,2,1,1,70,38,32,22434,7731,14703
121.0,9061,37354,19156,18198,3701,1971,1730,4561,2310,2251,981,491,490,29240,15646,13594,8114,3510,4604,15957,12026,3931,14270,10927,3343,56,36,20,49,39,10,156,123,33,14009,10729,3280,1687,1099,588,25,10,15,28,21,7,221,162,59,1413,906,507,1362,844,518,25,10,15,25,18,7,187,136,51,1125,680,445,325,255,70,0,0,0,3,3,0,34,26,8,288,226,62,21397,7130,14267
122.0,10051,40032,20374,19658,4118,2088,2030,1073,540,533,2395,1229,1166,28755,15486,13269,11277,4888,6389,18454,12927,5527,17152,12245,4907,64,39,25,94,61,33,318,231,87,16676,11914,4762,1302,682,620,27,16,11,49,32,17,106,43,63,1120,591,529,1051,523,528,26,15,11,48,31,17,93,37,56,884,440,444,251,159,92,1,1,0,1,1,0,13,6,7,236,151,85,21578,7447,14131
123.0,9943,40331,20905,19426,3928,2124,1804,1897,985,912,606,316,290,33360,17737,15623,6971,3168,3803,17162,12983,4179,15257,11823,3434,67,38,29,83,59,24,372,273,99,14735,11453,3282,1905,1160,745,72,35,37,79,64,15,100,60,40,1654,1001,653,1816,1111,705,72,35,37,77,63,14,76,52,24,1591,961,630,89,49,40,0,0,0,2,1,1,24,8,16,63,40,23,23169,7922,15247
124.0,9068,37347,18944,18403,3663,1899,1764,4817,2431,2386,851,447,404,29140,15322,13818,8207,3622,4585,16097,11473,4624,14350,10454,3896,115,63,52,136,101,35,328,236,92,13771,10054,3717,1747,1019,728,92,50,42,33,15,18,76,43,33,1546,911,635,1504,863,641,89,47,42,28,13,15,65,35,30,1322,768,554,243,156,87,3,3,0,5,2,3,11,8,3,224,143,81,21250,7471,13779
125.0,5423,21171,10838,10333,1811,948,863,748,386,362,215,105,110,18391,9588,8803,2780,1250,1530,9230,6657,2573,8314,6189,2125,56,35,21,311,228,83,546,436,110,7401,5490,1911,916,468,448,55,26,29,30,15,15,50,22,28,781,405,376,869,442,427,55,26,29,29,14,15,46,20,26,739,382,357,47,26,21,0,0,0,1,1,0,4,2,2,42,23,19,11941,4181,7760
126.0,7716,29319,15225,14094,2792,1455,1337,1468,758,710,356,182,174,24628,13144,11484,4691,2081,2610,12938,9478,3460,11932,8903,3029,59,36,23,96,72,24,335,255,80,11442,8540,2902,1006,575,431,42,18,24,13,7,6,48,29,19,903,521,382,912,517,395,42,18,24,12,6,6,43,25,18,815,468,347,94,58,36,0,0,0,1,1,0,5,4,1,88,53,35,16381,5747,10634
127.0,11125,43729,22625,21104,4791,2439,2352,2362,1205,1157,797,412,385,34105,18512,15593,9624,4113,5511,19206,14381,4825,17490,13574,3916,88,45,43,220,161,59,287,225,62,16895,13143,3752,1716,807,909,108,42,66,12,4,8,40,9,31,1556,752,804,1489,684,805,107,42,65,12,4,8,27,6,21,1343,632,711,227,123,104,1,0,1,0,0,0,13,3,10,213,120,93,24523,8244,16279
128.0,8255,35780,18239,17541,4260,2187,2073,3020,1510,1510,490,238,252,26638,13928,12710,9142,4311,4831,14997,10774,4223,14417,10491,3926,30,24,6,39,30,9,176,57,119,14172,10380,3792,580,283,297,16,8,8,3,0,3,49,12,37,512,263,249,399,199,200,15,7,8,2,0,2,15,7,8,367,185,182,181,84,97,1,1,0,1,0,1,34,5,29,145,78,67,20783,7465,13318
129.0,17410,68132,35366,32766,7299,3823,3476,7659,3874,3785,1819,970,849,54391,29240,25151,13741,6126,7615,28464,21241,7223,26423,20053,6370,118,97,21,346,261,85,1315,873,442,24644,18822,5822,2041,1188,853,32,19,13,42,17,25,113,66,47,1854,1086,768,1809,1048,761,30,18,12,35,14,21,101,57,44,1643,959,684,232,140,92,2,1,1,7,3,4,12,9,3,211,127,84,39668,14125,25543
130.0,14511,58199,30069,28130,6889,3520,3369,7461,3819,3642,1365,699,666,43375,23536,19839,14824,6533,8291,24050,18050,6000,22695,17165,5530,44,37,7,145,104,41,294,186,108,22212,16838,5374,1355,885,470,19,13,6,65,49,16,31,15,16,1240,808,432,1222,803,419,19,13,6,64,48,16,15,6,9,1124,736,388,133,82,51,0,0,0,1,1,0,16,9,7,116,72,44,34149,12019,22130
131.0,10285,42785,22051,20734,5299,2670,2629,5309,2671,2638,704,371,333,29956,16311,13645,12829,5740,7089,21144,14300,6844,18977,13147,5830,106,60,46,138,97,41,444,226,218,18289,12764,5525,2167,1153,1014,83,39,44,28,15,13,42,21,21,2014,1078,936,2062,1094,968,83,39,44,27,14,13,28,14,14,1924,1027,897,105,59,46,0,0,0,1,1,0,14,7,7,90,51,39,21641,7751,13890
132.0,10576,41487,21447,20040,4071,2062,2009,2268,1171,1097,424,210,214,34583,18329,16254,6904,3118,3786,17295,13198,4097,15909,12411,3498,48,30,18,109,84,25,331,259,72,15421,12038,3383,1386,787,599,25,13,12,17,10,7,29,18,11,1315,746,569,1335,756,579,25,13,12,15,8,7,25,15,10,1270,720,550,51,31,20,0,0,0,2,2,0,4,3,1,45,26,19,24192,8249,15943
133.0,8456,35113,17900,17213,3395,1775,1620,4082,2116,1966,807,420,387,28220,15106,13114,6893,2794,4099,14292,10637,3655,12397,9640,2757,105,65,40,78,60,18,582,471,111,11632,9044,2588,1895,997,898,121,50,71,24,14,10,148,106,42,1602,827,775,1623,798,825,121,50,71,23,13,10,45,32,13,1434,703,731,272,199,73,0,0,0,1,1,0,103,74,29,168,124,44,20821,7263,13558
134.0,10647,49484,25763,23721,6268,3247,3021,2456,1230,1226,632,335,297,36583,19583,17000,12901,6180,6721,20011,15409,4602,18569,14670,3899,149,97,52,132,99,33,1240,860,380,17048,13614,3434,1442,739,703,110,43,67,24,14,10,135,44,91,1173,638,535,1302,672,630,110,43,67,19,10,9,111,33,78,1062,586,476,140,67,73,0,0,0,5,4,1,24,11,13,111,52,59,29473,10354,19119
135.0,7273,37599,19364,18235,5756,2865,2891,163,88,75,89,53,36,24296,12723,11573,13303,6641,6662,13034,10953,2081,11380,9811,1569,39,24,15,97,73,24,1080,779,301,10164,8935,1229,1654,1142,512,16,12,4,25,21,4,173,100,73,1440,1009,431,1399,952,447,13,11,2,22,18,4,134,77,57,1230,846,384,255,190,65,3,1,2,3,3,0,39,23,16,210,163,47,24565,8411,16154
136.0,7751,38639,19773,18866,5335,2724,2611,6221,3099,3122,333,170,163,26509,13941,12568,12130,5832,6298,14498,11463,3035,13485,10783,2702,48,30,18,44,36,8,604,416,188,12789,10301,2488,1013,680,333,21,12,9,7,5,2,92,47,45,893,616,277,790,513,277,21,12,9,6,4,2,67,31,36,696,466,230,223,167,56,0,0,0,1,1,0,25,16,9,197,150,47,24141,8310,15831
137.0,7549,36039,18319,17720,4263,2190,2073,13639,6858,6781,458,236,222,26599,14079,12520,9440,4240,5200,13644,10721,2923,13180,10411,2769,34,26,8,39,31,8,57,35,22,13050,10319,2731,464,310,154,24,8,16,2,1,1,7,3,4,431,298,133,373,237,136,23,7,16,2,1,1,5,2,3,343,227,116,91,73,18,1,1,0,0,0,0,2,1,1,88,71,17,22395,7598,14797
138.0,4896,24801,12533,12268,2979,1513,1466,13039,6417,6622,187,95,92,18655,9834,8821,6146,2699,3447,9579,7505,2074,9028,7209,1819,53,34,19,29,20,9,91,63,28,8855,7092,1763,551,296,255,33,8,25,1,0,1,20,7,13,497,281,216,460,238,222,33,8,25,1,0,1,19,6,13,407,224,183,91,58,33,0,0,0,0,0,0,1,1,0,90,57,33,15222,5028,10194
139.0,5903,29344,15128,14216,3637,1824,1813,10480,5227,5253,349,169,180,20304,10848,9456,9040,4280,4760,11421,9158,2263,10325,8365,1960,239,186,53,30,24,6,53,42,11,10003,8113,1890,1096,793,303,15,8,7,12,8,4,97,91,6,972,686,286,949,664,285,15,8,7,11,7,4,91,86,5,832,563,269,147,129,18,0,0,0,1,1,0,6,5,1,140,123,17,17923,5970,11953
140.0,7500,32213,16436,15777,2931,1516,1415,1214,658,556,525,290,235,26545,13983,12562,5668,2453,3215,12991,9821,3170,12066,9329,2737,57,31,26,65,50,15,492,333,159,11452,8915,2537,925,492,433,44,19,25,11,5,6,80,49,31,790,419,371,795,426,369,42,18,24,7,3,4,67,42,25,679,363,316,130,66,64,2,1,1,4,2,2,13,7,6,111,56,55,19222,6615,12607
141.0,9246,38825,19790,19035,4320,2253,2067,2118,1048,1070,1480,729,751,29527,15591,13936,9298,4199,5099,16191,12158,4033,14846,11349,3497,54,37,17,233,184,49,251,185,66,14308,10943,3365,1345,809,536,21,12,9,94,51,43,27,14,13,1203,732,471,1250,770,480,21,12,9,93,51,42,24,12,12,1112,695,417,95,39,56,0,0,0,1,0,1,3,2,1,91,37,54,22634,7632,15002
142.0,8643,34666,17687,16979,2687,1374,1313,1366,689,677,327,160,167,29790,15591,14199,4876,2096,2780,14022,10576,3446,13184,10065,3119,52,31,21,58,44,14,297,238,59,12777,9752,3025,838,511,327,29,14,15,8,4,4,30,15,15,771,478,293,737,439,298,29,14,15,8,4,4,21,12,9,679,409,270,101,72,29,0,0,0,0,0,0,9,3,6,92,69,23,20644,7111,13533
143.0,7361,32462,16316,16146,2934,1502,1432,1766,870,896,346,179,167,27250,13985,13265,5212,2331,2881,12345,9639,2706,11347,9102,2245,57,37,20,71,39,32,462,354,108,10757,8672,2085,998,537,461,34,18,16,28,18,10,77,27,50,859,474,385,928,503,425,34,18,16,28,18,10,58,21,37,808,446,362,70,34,36,0,0,0,0,0,0,19,6,13,51,28,23,20117,6677,13440
144.0,7396,34879,17622,17257,4515,2316,2199,6803,3393,3410,751,378,373,24498,12926,11572,10381,4696,5685,14559,10686,3873,12156,9240,2916,158,116,42,130,98,32,1324,993,331,10544,8033,2511,2403,1446,957,93,47,46,122,106,16,486,264,222,1702,1029,673,2201,1314,887,93,47,46,114,100,14,452,243,209,1542,924,618,202,132,70,0,0,0,8,6,2,34,21,13,160,105,55,20320,6936,13384
145.0,8948,38309,19813,18496,3868,1951,1917,3482,1730,1752,408,205,203,31305,16589,14716,7004,3224,3780,15851,12196,3655,14332,11231,3101,116,83,33,124,93,31,263,210,53,13829,10845,2984,1519,965,554,24,14,10,18,9,9,136,96,40,1341,846,495,1462,922,540,22,13,9,18,9,9,133,94,39,1289,806,483,57,43,14,2,1,1,0,0,0,3,2,1,52,40,12,22458,7617,14841
146.0,7229,30667,15786,14881,3210,1656,1554,5425,2752,2673,510,252,258,23587,12694,10893,7080,3092,3988,12411,9474,2937,11722,9127,2595,37,19,18,92,70,22,296,256,40,11297,8782,2515,689,347,342,8,4,4,10,3,7,19,10,9,652,330,322,634,320,314,8,4,4,9,3,6,11,6,5,606,307,299,55,27,28,0,0,0,1,0,1,8,4,4,46,23,23,18256,6312,11944
147.0,8236,34299,17717,16582,3708,1853,1855,9039,4579,4460,1082,575,507,26265,14213,12052,8034,3504,4530,14153,10683,3470,13015,9947,3068,25,17,8,56,39,17,499,359,140,12435,9532,2903,1138,736,402,18,7,11,13,10,3,72,29,43,1035,690,345,959,606,353,18,7,11,10,7,3,66,27,39,865,565,300,179,130,49,0,0,0,3,3,0,6,2,4,170,125,45,20146,7034,13112
148.0,12575,47004,24717,22287,4643,2359,2284,7231,3660,3571,953,494,459,39133,21201,17932,7871,3516,4355,21409,15634,5775,20147,14901,5246,68,44,24,142,99,43,360,246,114,19577,14512,5065,1262,733,529,55,28,27,20,10,10,38,20,18,1149,675,474,1131,654,477,55,28,27,19,9,10,27,12,15,1030,605,425,131,79,52,0,0,0,1,1,0,11,8,3,119,70,49,25595,9083,16512
149.0,14256,54625,28959,25666,6877,3554,3323,8734,4464,4270,782,423,359,41368,23156,18212,13257,5803,7454,23100,17818,5282,20973,16619,4354,668,585,83,453,328,125,110,78,32,19742,15628,4114,2127,1199,928,95,44,51,213,139,74,27,11,16,1792,1005,787,1954,1095,859,93,42,51,191,126,65,22,9,13,1648,918,730,173,104,69,2,2,0,22,13,9,5,2,3,144,87,57,31525,11141,20384
150.0,22368,80180,44031,36149,10955,5640,5315,9060,4626,4434,1844,1002,842,61305,35263,26042,18875,8768,10107,42330,29934,12396,38583,28012,10571,223,149,74,412,287,125,868,548,320,37080,27028,10052,3747,1922,1825,158,73,85,56,27,29,168,74,94,3365,1748,1617,3355,1654,1701,156,73,83,49,21,28,132,52,80,3018,1508,1510,392,268,124,2,0,2,7,6,1,36,22,14,347,240,107,37850,14097,23753
151.0,9719,38316,19397,18919,3557,1828,1729,4943,2564,2379,864,396,468,31793,16536,15257,6523,2861,3662,18350,12006,6344,16365,10987,5378,99,60,39,346,237,109,401,276,125,15519,10414,5105,1985,1019,966,34,15,19,56,39,17,58,31,27,1837,934,903,1864,953,911,34,15,19,48,33,15,50,26,24,1732,879,853,121,66,55,0,0,0,8,6,2,8,5,3,105,55,50,19966,7391,12575
152.0,10933,39997,21788,18209,3837,1965,1872,3402,1766,1636,463,254,209,33075,18631,14444,6922,3157,3765,19939,14330,5609,18867,13705,5162,217,142,75,339,255,84,138,87,51,18173,13221,4952,1072,625,447,65,37,28,30,20,10,39,19,20,938,549,389,1013,587,426,65,37,28,27,18,9,37,17,20,884,515,369,59,38,21,0,0,0,3,2,1,2,2,0,54,34,20,20058,7458,12600
153.0,8427,38151,19276,18875,4118,2095,2023,4619,2363,2256,1082,535,547,29730,15349,14381,8421,3927,4494,15662,11195,4467,13495,10011,3484,237,158,79,370,297,73,612,406,206,12276,9150,3126,2167,1184,983,46,21,25,59,40,19,108,67,41,1954,1056,898,1957,1060,897,43,20,23,54,36,18,88,55,33,1772,949,823,210,124,86,3,1,2,5,4,1,20,12,8,182,107,75,22489,8081,14408
154.0,8624,32640,16222,16418,2425,1238,1187,1022,503,519,415,191,224,28331,14368,13963,4309,1854,2455,14346,10025,4321,12820,9343,3477,175,81,94,139,89,50,153,99,54,12353,9074,3279,1526,682,844,40,22,18,32,19,13,25,5,20,1429,636,793,1405,656,749,39,22,17,29,18,11,18,2,16,1319,614,705,121,26,95,1,0,1,3,1,2,7,3,4,110,22,88,18294,6197,12097
155.0,9483,36982,18870,18112,3361,1783,1578,1522,791,731,573,282,291,30322,16012,14310,6660,2858,3802,15339,11500,3839,14002,10688,3314,55,32,23,71,53,18,345,283,62,13531,10320,3211,1337,812,525,23,8,15,44,18,26,206,102,104,1064,684,380,987,615,372,22,7,15,39,15,24,26,15,11,900,578,322,350,197,153,1,1,0,5,3,2,180,87,93,164,106,58,21643,7370,14273
156.0,10574,41379,21222,20157,4005,2087,1918,748,372,376,886,438,448,33689,17842,15847,7690,3380,4310,17521,13432,4089,16120,12632,3488,134,88,46,104,76,28,125,102,23,15757,12366,3391,1401,800,601,79,52,27,105,85,20,23,8,15,1194,655,539,1363,783,580,79,52,27,105,85,20,20,7,13,1159,639,520,38,17,21,0,0,0,0,0,0,3,1,2,35,16,19,23858,7790,16068
157.0,8668,34653,17967,16686,3658,1940,1718,3161,1603,1558,672,331,341,26789,14538,12251,7864,3429,4435,15794,11624,4170,13240,10185,3055,60,35,25,78,53,25,392,298,94,12710,9799,2911,2554,1439,1115,38,19,19,8,1,7,58,33,25,2450,1386,1064,2445,1363,1082,37,18,19,8,1,7,49,27,22,2351,1317,1034,109,76,33,1,1,0,0,0,0,9,6,3,99,69,30,18859,6343,12516
158.0,11676,45928,24007,21921,5174,2745,2429,4267,2244,2023,781,414,367,33862,18549,15313,12066,5458,6608,20835,15237,5598,19362,14416,4946,52,38,14,248,188,60,270,195,75,18792,13995,4797,1473,821,652,82,41,41,35,20,15,76,31,45,1280,729,551,1365,767,598,82,41,41,33,20,13,73,29,44,1177,677,500,108,54,54,0,0,0,2,0,2,3,2,1,103,52,51,25093,8770,16323
159.0,10168,40771,21051,19720,4281,2274,2007,3554,1786,1768,751,399,352,33011,17526,15485,7760,3525,4235,16631,12655,3976,13836,10728,3108,82,56,26,90,68,22,120,92,28,13544,10512,3032,2795,1927,868,66,37,29,40,29,11,105,75,30,2584,1786,798,2708,1873,835,66,37,29,38,27,11,90,67,23,2514,1742,772,87,54,33,0,0,0,2,2,0,15,8,7,70,44,26,24140,8396,15744
160.0,14408,56897,29439,27458,5814,3029,2785,3853,1968,1885,1535,798,737,45755,24442,21313,11142,4997,6145,24660,17967,6693,22550,16739,5811,124,77,47,154,100,54,139,97,42,22133,16465,5668,2110,1228,882,96,49,47,20,10,10,38,13,25,1956,1156,800,2015,1184,831,96,49,47,19,9,10,29,12,17,1871,1114,757,95,44,51,0,0,0,1,1,0,9,1,8,85,42,43,32237,11472,20765
161.0,12122,46805,25173,21632,4852,2523,2329,1889,994,895,530,269,261,37625,21023,16602,9180,4150,5030,19699,14946,4753,18521,14328,4193,66,51,15,100,79,21,127,86,41,18228,14112,4116,1178,618,560,42,15,27,28,17,11,38,20,18,1070,566,504,1045,532,513,42,15,27,21,11,10,30,15,15,952,491,461,133,86,47,0,0,0,7,6,1,8,5,3,118,75,43,27106,10227,16879
162.0,11180,43195,21843,21352,3678,1931,1747,863,444,419,483,245,238,37063,19135,17928,6132,2708,3424,18897,13299,5598,16175,11971,4204,114,77,37,90,64,26,343,257,86,15628,11573,4055,2722,1328,1394,97,37,60,37,18,19,49,32,17,2539,1241,1298,2447,1128,1319,97,37,60,36,17,19,39,26,13,2275,1048,1227,275,200,75,0,0,0,1,1,0,10,6,4,264,193,71,24298,8544,15754
163.0,11997,45572,23340,22232,3979,2081,1898,827,423,404,618,321,297,38561,20329,18232,7011,3011,4000,19663,14327,5336,17522,13077,4445,130,91,39,75,56,19,561,386,175,16756,12544,4212,2141,1250,891,62,34,28,17,5,12,84,39,45,1978,1172,806,2047,1198,849,59,32,27,16,5,11,68,34,34,1904,1127,777,94,52,42,3,2,1,1,0,1,16,5,11,74,45,29,25909,9013,16896
164.0,11425,43483,22546,20937,3869,1964,1905,2300,1182,1118,745,377,368,35771,19098,16673,7712,3448,4264,18769,13500,5269,16589,12272,4317,52,31,21,74,47,27,287,204,83,16176,11990,4186,2180,1228,952,41,17,24,57,33,24,117,62,55,1965,1116,849,2102,1182,920,39,15,24,57,33,24,113,59,54,1893,1075,818,78,46,32,2,2,0,0,0,0,4,3,1,72,41,31,24714,9046,15668
165.0,6472,25998,12983,13015,2162,1098,1064,809,412,397,247,127,120,22553,11427,11126,3445,1556,1889,10790,7573,3217,9235,6624,2611,26,14,12,34,23,11,56,35,21,9119,6552,2567,1555,949,606,38,15,23,15,9,6,12,7,5,1490,918,572,1504,924,580,38,15,23,15,9,6,11,7,4,1440,893,547,51,25,26,0,0,0,0,0,0,1,0,1,50,25,25,15208,5410,9798
166.0,6492,27040,13619,13421,2473,1311,1162,2117,1055,1062,444,223,221,20262,10649,9613,6778,2970,3808,11569,8046,3523,10311,7358,2953,84,43,41,288,221,67,607,440,167,9332,6654,2678,1258,688,570,67,25,42,82,47,35,165,91,74,944,525,419,1067,561,506,66,24,42,38,19,19,122,62,60,841,456,385,191,127,64,1,1,0,44,28,16,43,29,14,103,69,34,15471,5573,9898
167.0,8455,32756,16532,16224,2604,1319,1285,1344,674,670,556,272,284,28085,14532,13553,4671,2000,2671,13745,10368,3377,13041,10001,3040,45,27,18,48,37,11,208,141,67,12740,9796,2944,704,367,337,26,16,10,5,2,3,9,2,7,664,347,317,664,343,321,25,15,10,5,2,3,9,2,7,625,324,301,40,24,16,1,1,0,0,0,0,0,0,0,39,23,16,19011,6164,12847
168.0,7163,28353,14172,14181,2265,1149,1116,1754,872,882,299,151,148,24629,12539,12090,3724,1633,2091,11281,8242,3039,10885,8016,2869,20,11,9,30,17,13,255,199,56,10580,7789,2791,396,226,170,11,5,6,6,2,4,17,9,8,362,210,152,376,215,161,10,4,6,6,2,4,15,8,7,345,201,144,20,11,9,1,1,0,0,0,0,2,1,1,17,9,8,17072,5930,11142
169.0,7423,32066,16296,15770,3316,1694,1622,4886,2420,2466,274,134,140,25300,13305,11995,6766,2991,3775,13390,9775,3615,12104,9071,3033,59,28,31,108,82,26,288,196,92,11649,8765,2884,1286,704,582,58,17,41,31,21,10,48,24,24,1149,642,507,1224,670,554,58,17,41,28,21,7,48,24,24,1090,608,482,62,34,28,0,0,0,3,0,3,0,0,0,59,34,25,18676,6521,12155
170.0,7961,33927,17282,16645,3550,1815,1735,5997,2960,3037,382,197,185,26951,14127,12824,6976,3155,3821,14422,10326,4096,13319,9771,3548,31,14,17,38,28,10,277,189,88,12973,9540,3433,1103,555,548,42,19,23,15,11,4,34,14,20,1012,511,501,1023,511,512,42,19,23,15,11,4,21,9,12,945,472,473,80,44,36,0,0,0,0,0,0,13,5,8,67,39,28,19505,6956,12549
171.0,10513,48991,25325,23666,6622,3328,3294,1470,773,697,1008,503,505,37950,20056,17894,11041,5269,5772,18431,14841,3590,16543,13791,2752,115,71,44,81,59,22,266,135,131,16081,13526,2555,1888,1050,838,83,45,38,36,12,24,166,46,120,1603,947,656,1805,1013,792,82,45,37,25,11,14,154,40,114,1544,917,627,83,37,46,1,0,1,11,1,10,12,6,6,59,30,29,30560,10484,20076
172.0,11517,42624,23282,19342,4190,2190,2000,3197,1659,1538,745,388,357,35671,20051,15620,6953,3231,3722,20277,15439,4838,18724,14640,4084,53,30,23,239,183,56,159,118,41,18273,14309,3964,1553,799,754,39,20,19,48,29,19,101,26,75,1365,724,641,1397,709,688,34,18,16,46,27,19,87,23,64,1230,641,589,156,90,66,5,2,3,2,2,0,14,3,11,135,83,52,22347,7843,14504
173.0,9040,33521,18009,15512,3224,1678,1546,3641,1913,1728,942,492,450,27948,15595,12353,5573,2414,3159,15047,11459,3588,14202,11001,3201,84,58,26,265,204,61,83,56,27,13770,10683,3087,845,458,387,44,27,17,110,74,36,25,11,14,666,346,320,724,379,345,44,27,17,103,70,33,19,8,11,558,274,284,121,79,42,0,0,0,7,4,3,6,3,3,108,72,36,18474,6550,11924
174.0,16847,63033,32656,30377,7796,3976,3820,5681,2898,2783,925,472,453,50002,26572,23430,13031,6084,6947,30718,20827,9891,27105,18748,8357,236,127,109,293,205,88,386,181,205,26190,18235,7955,3613,2079,1534,68,37,31,111,73,38,62,25,37,3372,1944,1428,3413,1962,1451,67,36,31,104,68,36,52,21,31,3190,1837,1353,200,117,83,1,1,0,7,5,2,10,4,6,182,107,75,32315,11829,20486
175.0,11368,43585,23005,20580,5041,2604,2437,4241,2168,2073,557,286,271,33741,18493,15248,9844,4512,5332,21811,15036,6775,20503,14325,6178,161,61,100,204,135,69,162,84,78,19976,14045,5931,1308,711,597,139,57,82,15,6,9,16,4,12,1138,644,494,1243,682,561,138,57,81,15,6,9,12,4,8,1078,615,463,65,29,36,1,0,1,0,0,0,4,0,4,60,29,31,21774,7969,13805
176.0,14540,52250,27937,24313,5420,2802,2618,3897,1955,1942,644,323,321,43301,23802,19499,8949,4135,4814,25978,18624,7354,23842,17606,6236,63,31,32,92,62,30,231,151,80,23456,17362,6094,2136,1018,1118,48,21,27,28,16,12,58,21,37,2002,960,1042,1996,950,1046,46,20,26,26,15,11,48,18,30,1876,897,979,140,68,72,2,1,1,2,1,1,10,3,7,126,63,63,26272,9313,16959
177.0,7566,28846,14679,14167,2503,1253,1250,3399,1685,1714,415,198,217,24375,12670,11705,4471,2009,2462,13075,8987,4088,12119,8514,3605,24,13,11,248,188,60,53,35,18,11794,8278,3516,956,473,483,14,4,10,9,5,4,12,2,10,921,462,459,910,449,461,14,4,10,8,4,4,11,2,9,877,439,438,46,24,22,0,0,0,1,1,0,1,0,1,44,23,21,15771,5692,10079
178.0,7985,31034,15864,15170,2590,1290,1300,1945,952,993,394,217,177,26374,13849,12525,4660,2015,2645,13448,9726,3722,12023,8921,3102,54,27,27,43,30,13,255,208,47,11671,8656,3015,1425,805,620,36,23,13,10,9,1,14,8,6,1365,765,600,1347,763,584,35,23,12,6,6,0,12,6,6,1294,728,566,78,42,36,1,0,1,4,3,1,2,2,0,71,37,34,17586,6138,11448
179.0,6537,25871,13179,12692,1915,1020,895,500,263,237,302,139,163,22487,11559,10928,3384,1620,1764,12159,8457,3702,11122,8080,3042,299,88,211,202,144,58,69,46,23,10552,7802,2750,1037,377,660,144,25,119,12,10,2,10,2,8,871,340,531,792,363,429,79,25,54,12,10,2,8,1,7,693,327,366,245,14,231,65,0,65,0,0,0,2,1,1,178,13,165,13712,4722,8990
180.0,9461,42171,21525,20646,5303,2722,2581,3271,1709,1562,1487,756,731,28560,15200,13360,13611,6325,7286,18108,13061,5047,16907,12414,4493,112,58,54,92,68,24,529,308,221,16174,11980,4194,1201,647,554,49,24,25,18,10,8,51,18,33,1083,595,488,1118,603,515,49,24,25,16,8,8,47,18,29,1006,553,453,83,44,39,0,0,0,2,2,0,4,0,4,77,42,35,24063,8464,15599
181.0,11881,47182,24414,22768,4535,2286,2249,2274,1148,1126,567,274,293,38495,20567,17928,8687,3847,4840,19931,14876,5055,18118,13820,4298,58,31,27,73,49,24,269,187,82,17718,13553,4165,1813,1056,757,25,15,10,26,15,11,34,20,14,1728,1006,722,1700,990,710,25,15,10,24,13,11,33,20,13,1618,942,676,113,66,47,0,0,0,2,2,0,1,0,1,110,64,46,27251,9538,17713
182.0,10771,41037,20855,20182,3831,1935,1896,1875,972,903,281,144,137,34066,17710,16356,6971,3145,3826,16684,12291,4393,16105,11914,4191,37,28,9,131,95,36,114,80,34,15823,11711,4112,579,377,202,7,4,3,3,0,3,14,7,7,555,366,189,515,339,176,6,3,3,2,0,2,13,6,7,494,330,164,64,38,26,1,1,0,1,0,1,1,1,0,61,36,25,24353,8564,15789
183.0,11403,43364,22206,21158,4392,2274,2118,745,391,354,410,225,185,34648,18423,16225,8716,3783,4933,18827,13870,4957,16745,12831,3914,232,97,135,143,112,31,302,210,92,16068,12412,3656,2082,1039,1043,114,61,53,253,118,135,100,39,61,1615,821,794,1916,952,964,111,59,52,238,112,126,57,12,45,1510,769,741,166,87,79,3,2,1,15,6,9,43,27,16,105,52,53,24537,8336,16201
184.0,14675,57209,29935,27274,6415,3348,3067,6344,3181,3163,1200,640,560,43717,23776,19941,13492,6159,7333,25161,18386,6775,22829,17123,5706,122,64,58,533,369,164,625,410,215,21549,16280,5269,2332,1263,1069,37,15,22,33,14,19,68,42,26,2194,1192,1002,2212,1196,1016,36,14,22,32,13,19,61,36,25,2083,1133,950,120,67,53,1,1,0,1,1,0,7,6,1,111,59,52,32048,11549,20499
185.0,11338,46943,24623,22320,5450,2822,2628,2873,1481,1392,437,229,208,35593,19295,16298,11350,5328,6022,19410,14813,4597,17891,13883,4008,43,24,19,91,64,27,450,357,93,17307,13438,3869,1519,930,589,41,17,24,20,9,11,33,24,9,1425,880,545,1296,783,513,40,17,23,18,9,9,27,21,6,1211,736,475,223,147,76,1,0,1,2,0,2,6,3,3,214,144,70,27533,9810,17723
186.0,9818,38294,20044,18250,4064,2082,1982,1487,780,707,733,361,372,30635,16632,14003,7659,3412,4247,17025,12813,4212,15692,12010,3682,86,66,20,356,281,75,242,174,68,15008,11489,3519,1333,803,530,27,18,9,33,24,9,34,17,17,1239,744,495,1264,766,498,25,16,9,32,23,9,28,14,14,1179,713,466,69,37,32,2,2,0,1,1,0,6,3,3,60,31,29,21269,7231,14038
187.0,13230,49207,25666,23541,5798,2940,2858,2041,1020,1021,666,347,319,39117,21044,18073,10090,4622,5468,22061,16028,6033,19787,14668,5119,108,80,28,543,415,128,184,140,44,18952,14033,4919,2274,1360,914,37,15,22,37,22,15,33,19,14,2167,1304,863,2134,1278,856,37,15,22,34,21,13,28,15,13,2035,1227,808,140,82,58,0,0,0,3,1,2,5,4,1,132,77,55,27146,9638,17508
188.0,13186,49884,26149,23735,5874,3017,2857,4301,2162,2139,523,265,258,39297,21256,18041,10587,4893,5694,22694,16073,6621,20648,14901,5747,134,68,66,114,74,40,161,119,42,20239,14640,5599,2046,1172,874,77,36,41,23,17,6,38,13,25,1908,1106,802,1949,1115,834,75,35,40,22,16,6,34,12,22,1818,1052,766,97,57,40,2,1,1,1,1,0,4,1,3,90,54,36,27190,10076,17114
189.0,18192,68554,36812,31742,7498,3872,3626,3639,1911,1728,1280,694,586,53571,29896,23675,14983,6916,8067,38626,25250,13376,35114,23261,11853,240,140,100,769,494,275,792,487,305,33313,22140,11173,3512,1989,1523,231,92,139,311,206,105,63,21,42,2907,1670,1237,3369,1899,1470,227,89,138,309,205,104,57,18,39,2776,1587,1189,143,90,53,4,3,1,2,1,1,6,3,3,131,83,48,29928,11562,18366
190.0,16903,65890,35202,30688,8253,4231,4022,5464,2799,2665,1527,826,701,48615,27093,21522,17275,8109,9166,34274,23637,10637,31487,22213,9274,130,59,71,430,316,114,1575,1121,454,29352,20717,8635,2787,1424,1363,161,59,102,51,25,26,128,65,63,2447,1275,1172,2596,1322,1274,159,59,100,49,23,26,110,55,55,2278,1185,1093,191,102,89,2,0,2,2,2,0,18,10,8,169,90,79,31616,11565,20051
191.0,18214,71004,40347,30657,8108,4142,3966,9644,5302,4342,1714,1017,697,54140,32022,22118,16864,8325,8539,34577,24391,10186,30527,21822,8705,141,88,53,333,231,102,483,334,149,29570,21169,8401,4050,2569,1481,70,44,26,45,26,19,100,59,41,3835,2440,1395,3801,2415,1386,66,42,24,41,24,17,80,46,34,3614,2303,1311,249,154,95,4,2,2,4,2,2,20,13,7,221,137,84,36427,15956,20471
192.0,21322,80037,42157,37880,10334,5306,5028,7262,3639,3623,1375,707,668,61098,33276,27822,18939,8881,10058,39729,27462,12267,35988,25558,10430,266,186,80,1175,766,409,1183,802,381,33364,23804,9560,3741,1904,1837,147,55,92,215,96,119,94,50,44,3285,1703,1582,3459,1760,1699,141,53,88,207,93,114,82,44,38,3029,1570,1459,282,144,138,6,2,4,8,3,5,12,6,6,256,133,123,40308,14695,25613
193.0,15272,58355,30522,27833,7115,3765,3350,5190,2682,2508,1094,558,536,45436,24498,20938,12919,6024,6895,31525,19758,11767,28628,18168,10460,155,80,75,317,229,88,1397,947,450,26759,16912,9847,2897,1590,1307,150,64,86,41,23,18,140,70,70,2566,1433,1133,2753,1516,1237,144,62,82,35,18,17,99,49,50,2475,1387,1088,144,74,70,6,2,4,6,5,1,41,21,20,91,46,45,26830,10764,16066
194.0,13457,51911,26838,25073,5898,3027,2871,7276,3618,3658,779,393,386,38586,20849,17737,13325,5989,7336,22779,16304,6475,21530,15635,5895,57,31,26,102,75,27,926,773,153,20445,14756,5689,1249,669,580,29,15,14,28,13,15,50,28,22,1142,613,529,1135,608,527,29,15,14,26,11,15,45,24,21,1035,558,477,114,61,53,0,0,0,2,2,0,5,4,1,107,55,52,29132,10534,18598
195.0,14984,57335,29504,27831,6662,3444,3218,2219,1130,1089,537,267,270,46085,24354,21731,11250,5150,6100,25446,18419,7027,24321,17851,6470,82,55,27,155,116,39,159,123,36,23925,17557,6368,1125,568,557,35,17,18,52,27,25,52,24,28,986,500,486,996,506,490,34,16,18,38,21,17,31,14,17,893,455,438,129,62,67,1,1,0,14,6,8,21,10,11,93,45,48,31889,11085,20804
196.0,11049,45608,23474,22134,6245,3215,3030,4091,2093,1998,549,282,267,31936,17216,14720,13672,6258,7414,19194,14198,4996,18075,13599,4476,89,47,42,121,96,25,331,163,168,17534,13293,4241,1119,599,520,31,14,17,34,10,24,23,7,16,1031,568,463,950,507,443,31,14,17,33,10,23,15,5,10,871,478,393,169,92,77,0,0,0,1,0,1,8,2,6,160,90,70,26414,9276,17138
197.0,16079,62057,32212,29845,6676,3437,3239,5280,2757,2523,1117,581,536,48854,26236,22618,13203,5976,7227,27907,20188,7719,25775,19052,6723,196,110,86,186,141,45,214,142,72,25179,18659,6520,2132,1136,996,87,39,48,42,28,14,38,18,20,1965,1051,914,1874,970,904,87,39,48,41,28,13,34,17,17,1712,886,826,258,166,92,0,0,0,1,0,1,4,1,3,253,165,88,34150,12024,22126
198.0,12687,50440,26172,24268,5786,2891,2895,6456,3247,3209,832,447,385,37899,20829,17070,12541,5343,7198,21182,15858,5324,19160,14699,4461,290,250,40,288,205,83,326,251,75,18256,13993,4263,2022,1159,863,58,31,27,94,64,30,78,43,35,1792,1021,771,1819,1031,788,53,27,26,86,59,27,58,32,26,1622,913,709,203,128,75,5,4,1,8,5,3,20,11,9,170,108,62,29258,10314,18944
199.0,814,3387,1698,1689,452,209,243,659,309,350,163,75,88,2383,1291,1092,1004,407,597,1485,1023,462,1447,1006,441,10,9,1,12,7,5,4,2,2,1421,988,433,38,17,21,0,0,0,1,1,0,0,0,0,37,16,21,34,15,19,0,0,0,1,1,0,0,0,0,33,14,19,4,2,2,0,0,0,0,0,0,0,0,0,4,2,2,1902,675,1227
200.0,1202,4606,2432,2174,607,316,291,651,345,306,149,79,70,3198,1795,1403,1408,637,771,2031,1496,535,1962,1449,513,63,48,15,13,10,3,72,59,13,1814,1332,482,69,47,22,1,1,0,0,0,0,5,2,3,63,44,19,48,38,10,1,1,0,0,0,0,4,2,2,43,35,8,21,9,12,0,0,0,0,0,0,1,0,1,20,9,11,2575,936,1639
201.0,1552,6218,3280,2938,744,380,364,481,231,250,142,71,71,4813,2655,2158,1405,625,780,2688,1988,700,2358,1834,524,37,28,9,73,62,11,79,40,39,2169,1704,465,330,154,176,29,13,16,29,14,15,32,7,25,240,120,120,300,144,156,28,13,15,24,12,12,24,5,19,224,114,110,30,10,20,1,0,1,5,2,3,8,2,6,16,6,10,3530,1292,2238
202.0,1249,5273,2698,2575,734,377,357,486,240,246,74,41,33,3687,2025,1662,1586,673,913,2106,1593,513,1875,1455,420,14,13,1,48,40,8,38,27,11,1775,1375,400,231,138,93,11,4,7,10,3,7,3,1,2,207,130,77,223,135,88,11,4,7,10,3,7,3,1,2,199,127,72,8,3,5,0,0,0,0,0,0,0,0,0,8,3,5,3167,1105,2062
203.0,1169,5251,2727,2524,766,398,368,436,227,209,54,24,30,3463,1966,1497,1788,761,1027,1810,1508,302,1476,1262,214,44,41,3,7,7,0,7,6,1,1418,1208,210,334,246,88,14,11,3,13,5,8,10,7,3,297,223,74,311,233,78,14,11,3,12,5,7,10,7,3,275,210,65,23,13,10,0,0,0,1,0,1,0,0,0,22,13,9,3441,1219,2222
204.0,4254,14700,8310,6390,1734,933,801,1260,606,654,365,216,149,11628,6917,4711,3072,1393,1679,8692,6030,2662,7919,5573,2346,143,93,50,1223,851,372,144,109,35,6409,4520,1889,773,457,316,23,9,14,74,46,28,18,8,10,658,394,264,454,240,214,21,8,13,60,37,23,10,4,6,363,191,172,319,217,102,2,1,1,14,9,5,8,4,4,295,203,92,6008,2280,3728
205.0,577,2476,1277,1199,320,162,158,684,342,342,13,8,5,1742,964,778,734,313,421,864,680,184,774,639,135,40,36,4,39,30,9,148,112,36,547,461,86,90,41,49,1,1,0,6,4,2,37,7,30,46,29,17,54,29,25,1,1,0,6,4,2,15,4,11,32,20,12,36,12,24,0,0,0,0,0,0,22,3,19,14,9,5,1612,597,1015
206.0,162,813,416,397,89,39,50,112,61,51,6,3,3,482,263,219,331,153,178,236,174,62,234,173,61,13,12,1,6,5,1,1,0,1,214,156,58,2,1,1,0,0,0,0,0,0,0,0,0,2,1,1,2,1,1,0,0,0,0,0,0,0,0,0,2,1,1,0,0,0,0,0,0,0,0,0,0,0,0,0,0,0,577,242,335
207.0,1115,4854,2521,2333,755,388,367,1095,564,531,247,133,114,2924,1657,1267,1930,864,1066,2208,1558,650,2080,1520,560,33,33,0,29,20,9,39,25,14,1979,1442,537,128,38,90,9,3,6,15,4,11,8,2,6,96,29,67,115,36,79,9,3,6,12,4,8,8,2,6,86,27,59,13,2,11,0,0,0,3,0,3,0,0,0,10,2,8,2646,963,1683
208.0,155,779,401,378,94,48,46,4,3,1,38,16,22,563,318,245,216,83,133,386,266,120,151,56,95,105,15,90,4,3,1,0,0,0,42,38,4,235,210,25,97,92,5,116,102,14,1,1,0,21,15,6,234,209,25,97,92,5,116,102,14,1,1,0,20,14,6,1,1,0,0,0,0,0,0,0,0,0,0,1,1,0,393,135,258
209.0,696,3460,2523,937,266,136,130,239,200,39,25,12,13,3126,2363,763,334,160,174,1888,1816,72,1875,1810,65,1,1,0,1,0,1,0,0,0,1873,1809,64,13,6,7,1,1,0,0,0,0,1,0,1,11,5,6,11,5,6,1,1,0,0,0,0,0,0,0,10,4,6,2,1,1,0,0,0,0,0,0,1,0,1,1,1,0,1572,707,865